name,gender
aabheer,M
aadarsh,M
aadesh,M
aadhira,M
aadi,M
aadidev,M
aadinath,M
aadit,M
aaditeya,M
aaditya,M
aadya,M
aagam,M
aagney,M
aagneya,M
aahlaad,M
aahva,M
aakaash,M
aakar,M
aakarshan,M
aalap,M
aalok,M
aamod,M
aanand,M
aanandswarup,M
aandaleeb,M
aanjaneya,M
aapt,M
aaradhak,M
aarnav,M
aarth,M
aarush,M
aashish,M
aashman,M
ashlesh,M
aashutosh,M
aashray,M
aastik,M
aatish,M
aatmaj,M
aatreya,M
aayu,M
aayushmaan,M
abeer,M
abhay,M
abheek,M
abheesht,M
abhi,M
abhijaat,M
abhijay,M
abhijit,M
abhik,M
abhilash,M
abhimanyu,M
abhinandan,M
abhinav,M
abhinivesh,M
abhiram,M
abhiraj,M
abhirath,M
abhirup,M
abhisar,M
abhishek,M
abhivaadan,M
abhivanth,M
abhra,M
abhyudaya,M
achal,M
achalendra,M
achalraj,M
acharya,M
achintya,M
achyut,M
achyuthan,M
adarsh,M
adeela,M
adeep,M
adheer,M
adheesh,M
adhik,M
adhip,M
adhiraj,M
adil,M
adinath,M
adipurush,M
adit,M
aditya,M
advait,M
advay,M
advaya,M
advik,M
adwaita,M
aganveer,M
agastya,M
agendra,M
agharna,M
aghat,M
aghosh,M
agnimitra,M
agniprava,M
agnivesh,M
agraj,M
agrata,M
agrim,M
agyeya,M
ahan,M
ainesh,M
airaawat,M
aja,M
ajaat,M
ajaatshatru,M
ajanta,M
ajanya,M
ajay,M
ajit,M
ajitaabh,M
ajitesh,M
ajisth,M
ajoy,M
akash,M
akand,M
akarsh,M
akhil,M
akhilesh,M
akshaj,M
akshan,M
akshansh,M
akshar,M
akshat,M
akshay,M
akshayaguna,M
akshaykeerti,M
akshit,M
akshobhya,M
akul,M
alak,M
alankar,M
alok,M
aloki,M
alop,M
alpesh,M
amaan,M
amal,M
amalendu,M
amalesh,M
aman,M
amani,M
amar,M
amardeep,M
amaresh,M
amaris,M
amarjeet,M
amarnath,M
amartya,M
amay,M
ambar,M
ambareesh,M
ambikapathi,M
ambud,M
ambuj,M
ameet,M
ameya,M
ameyatma,M
ami,M
amil,M
amir,M
amish,M
amit,M
amitabh,M
amitava,M
amitbikram,M
amitesh,M
amlan,M
amod,M
amogh,M
amol,M
amolik,M
amoorta,M
amresh,M
amrik,M
amrish,M
amrit,M
amritambu,M
amritaya,M
amshu,M
amshul,M
amul,M
anaadi,M
anaan,M
anadi,M
anagh,M
anand,M
anandi,M
anang,M
anant,M
anantajeet,M
anantram,M
ananyo,M
anay,M
anek,M
angad,M
angada,M
angaj,M
angak,M
aniij,M
anik,M
anikait,M
aniket,M
anil,M
anilaabh,M
animesh,M
aniruddha,M
anirudh,M
anirvan,M
anish,M
anit,M
anjal,M
anjan,M
anjas,M
anji,M
anjor,M
anjuman,M
ankal,M
ankit,M
ankur,M
ankush,M
anmol,M
annuabhuj,M
anoop,M
anram,M
ansh,M
anshu,M
anshuk,M
anshul,M
anshumaan,M
anshumat,M
antara,M
antariksh,M
antim,M
anubhav,M
anudeep,M
anuj,M
anunay,M
anupam,M
anuraag,M
anurup,M
anuttam,M
anuva,M
appu,M
apoorva,M
aprameya,M
aradhya,M
aranab,M
arav,M
arha,M
archan,M
archit,M
ardhendu,M
areehah,M
arhat,M
arihaan,M
arihant,M
arij,M
arindam,M
arja,M
arjit,M
arjun,M
arka,M
arman,M
arnav,M
arnesh,M
arpan,M
arshad,M
artagnan,M
arth,M
arul,M
arun,M
arunachaleshwara,M
arvin,M
arvind,M
arya,M
aryaman,M
aryan,M
asav,M
aseelah,M
aseem,M
ashank,M
ashcharya,M
asheem,M
ashesh,M
ashirvad,M
ashish,M
ashit,M
ashok,M
ashray,M
ashrith,M
ashutosh,M
ashvath,M
ashwaghosh,M
ashwathama,M
ashwin,M
asit,M
asitvaran,M
asiya,M
asuman,M
atal,M
atambhu,M
atanu,M
ateet,M
atharvan,M
atiksh,M
atithi,M
atma,M
atmajyoti,M
atman,M
atmananda,M
atraiu,M
atul,M
atulya,M
avadhesh,M
avalok,M
avaneesh,M
avanindra,M
avashesh,M
avasyu,M
avatar,M
avi,M
avichal,M
avijit,M
avikam,M
avilash,M
avinash,M
avinashi,M
avirat,M
avkash,M
avtar,M
avyukt,M
ayog,M
ayudh,M
ayush,M
ba,M
baadal,M
baalaark,M
baalkrishan,M
baanbhatt,M
baanke,M
baasima,M
babala,M
babul,M
badri,M
badrinath,M
badriprasad,M
bahubali,M
bahula,M
bahuleya,M
baibhav,M
bajrang,M
bakool,M
bakul,M
bakula,M
balaaditya,M
balachandra,M
balagopal,M
balagovind,M
balaji,M
balakrishna,M
balamani,M
balamohan,M
balaraj,M
balaram,M
balashankar,M
balavan,M
balbhadra,M
balbir,M
baldev,M
balendu,M
balmukund,M
bali,M
balraj,M
balram,M
balvant,M
balveer,M
balvindra,M
banaj,M
bandhu,M
bandhul,M
bandhula,M
baneet,M
banke,M
bankebihari,M
bankim,M
bankimchandra,M
banshi,M
banshidhar,M
bansi,M
bansilal,M
banwari,M
barid,M
barindra,M
barsaat,M
barun,M
basant,M
basdev,M
batuk,M
bavyesh,M
bh,M
bhadra,M
bhadrak,M
bhadrakapil,M
bhadraksh,M
bhadrashree,M
bhadresh,M
bhagat,M
bhagavaan,M
bhagesh,M
bhagirath,M
bhagwant,M
bhagyaraj,M
bhairav,M
bhajan,M
bhakti,M
bhalendra,M
bhanu,M
bhanudas,M
bhanumitra,M
bhanuprakash,M
bhanuprasad,M
bharadwaj,M
bharat,M
bhargav,M
bhargava,M
bhartesh,M
bhartihari,M
bhaskar,M
bhasvan,M
bhaswar,M
bhaumik,M
bhavan,M
bhavesh,M
bhavin,M
bhavya,M
bhawanidas,M
bheemsen,M
bheru,M
bheesham,M
bhim,M
bhishma,M
bhoj,M
bholanath,M
bhoopat,M
bhoopendra,M
bhooshan,M
bhooshit,M
bhoumik,M
bhramar,M
bhrigu,M
bhudev,M
bhuman,M
bhupad,M
bhupal,M
bhupati,M
bhupen,M
bhupendra,M
bhupesh,M
bhushan,M
bhuvan,M
bhuvanesh,M
bhuvaneshwar,M
responsive1,M
bibek,M
bibhas,M
bijal,M
bijoy,M
bilva,M
bimal,M
bimb,M
bimbisaar,M
bindusar,M
binod,M
biplab,M
bipin,M
bir,M
birbal,M
biren,M
birendra,M
birju,M
bisaj,M
bodhan,M
boudhayan,M
brahma,M
brahmaanand,M
brahmabrata,M
brahmadutt,M
braj,M
brajamohan,M
brajendra,M
brajesh,M
brajraaj,M
bramhaghosh,M
bramhanand,M
bratindra,M
brent,M
brij,M
brijesh,M
brijmohan,M
brijkishor,M
brijnandan,M
brijraj,M
brirar,M
brynaam,M
buddha,M
buddhadeva,M
buddhapriya,M
budhil,M
back,M
home,M
chaanakya,M
chaaruchandra,M
chaarudatt,M
chaaruhaas,M
chahel,M
chaitan,M
chain,M
chaitanya,M
chakor,M
chakradev,M
chakradhar,M
chakrapaani,M
chakravartee,M
chakresh,M
chakshan,M
chaman,M
chamanlal,M
champak,M
chanak,M
chanchal,M
chanchareek,M
chandak,M
chandan,M
chandavarman,M
chandeedaas,M
chander,M
chandra,M
chandrakiran,M
chandrabhan,M
chandraabhaa,M
chandraaditya,M
chandraanan,M
chandraayan,M
chandrabhaga,M
chandrachur,M
chandragupt,M
chandrahaas,M
chandrak,M
chandraketu,M
chandrakin,M
chandrakishore,M
chandrakumar,M
chandramaadhav,M
chandramauli,M
chandramohan,M
chandran,M
chandranath,M
chandrpeed,M
chandraprakaash,M
chandraraj,M
chandrasen,M
chandrashekhar,M
chandravadan,M
chandresh,M
chane,M
chapal,M
charak,M
charan,M
charanjit,M
charudutta,M
charusheel,M
charuvrat,M
chatresh,M
chatur,M
chatura,M
chaturaanan,M
chaturbhuj,M
chetak,M
chetan,M
chetanaanand,M
chhaayank,M
chhandak,M
chidaakaash,M
chidaatma,M
chidambar,M
chidananda,M
chidhatma,M
chiman,M
chinar,M
chinmay,M
chinmayananda,M
chinmayu,M
chintak,M
chintan,M
chintav,M
chintu,M
chirag,M
chiranjeev,M
chirantan,M
chitesh,M
chitragupt,M
chitrabhanu,M
chitraketu,M
chitraksh,M
chitral,M
chitrarath,M
chitrasen,M
chitrabaahu,M
chittaprasad,M
chittaranjan,M
chittaswarup,M
chittesh,M
cholan,M
chudamani,M
chulbul,M
chunmay,M
chyavan,M
daamodar,M
daaruk,M
daarun,M
dahana,M
daitya,M
daiwik,M
daksh,M
dakshesh,M
dakshi,M
dakshinayan,M
dalpati,M
daman,M
damodar,M
dandak,M
dandapaani,M
danta,M
danvir,M
darpad,M
darpak,M
darpan,M
darsh,M
darshak,M
darshan,M
darshit,M
daruka,M
dasharath,M
dasharathi,M
datta,M
dattatreya,M
dattey,M
daya,M
dayaal,M
dayakar,M
dayamay,M
dayanand,M
dayanidhi,M
dayaram,M
dayasagar,M
dayashankar,M
dayaswarup,M
debashish,M
debjit,M
deenabandhu,M
deenadayaal,M
deenanath,M
deenbandhu,M
deep,M
deepak,M
deepan,M
deepankar,M
deependra,M
deependu,M
deepesh,M
deepit,M
deeptanshu,M
deeptendu,M
deeptiman,M
deeptimoy,M
dehabhuj,M
deo,M
dev,M
devaapi,M
devabrata,M
devadas,M
devadatt,M
devadeva,M
devagya,M
devaj,M
devajyoti,M
devajuta,M
devak,M
devakeenandan,M
devakumar,M
deval,M
devanand,M
devang,M
devank,M
devansh,M
devarshi,M
devashish,M
devbrata,M
devdarsh,M
devdas,M
devdatta,M
deveedaas,M
devendra,M
devendranath,M
devesh,M
deveshwar,M
devguru,M
devidas,M
devi,M
devilaal,M
deviprasad,M
devkinandan,M
devkumar,M
devnarayan,M
devnath,M
devpad,M
devraaj=,M
devrat,M
devsena,M
devvrata,M
dewansh,M
dh,M
dhairya,M
dhananad,M
dhananjay,M
dhanapati,M
dhanesh,M
dhanraj,M
dhansukh,M
dhanush,M
dhanvant,M
dhanvantari,M
dhanvin,M
dhanvine,M
dhanya,M
dharamnishth,M
dharanidhar,M
dharitree,M
dharma,M
dharmadaas,M
dharmadev,M
dharmakeerti,M
dharmaketu,M
dharmanand,M
dharmaraaj,M
dharmaveer,M
dharmendra,M
dharmendu,M
dharmesh,M
dharmik,M
dharmamitra,M
dharmpal,M
dharuna,M
dhatri,M
dhaval,M
dheeman,M
dheemant,M
dheer,M
dheeraj,M
dheerandra,M
dhilan,M
dhimant,M
dhiraj,M
dhiren,M
dhirendra,M
dhritiman,M
dhrupad,M
dhruv,M
dhuha,M
dhyanesh,M
dhyaneshwar,M
digant,M
digambar,M
digvastra,M
digvijay,M
dikshan,M
dilawar,M
dilber,M
dileep,M
dilip,M
dinakar,M
dinanath,M
dinar,M
dindayal,M
dinendra,M
dinesh,M
dinpal,M
dipal,M
dipankar,M
dipen,M
dipendu,M
dipesh,M
diptanshu,M
divaakar,M
divit,M
divyansh,M
divyanshu,M
divyendu,M
divyesh,M
dron,M
drupad,M
dulal,M
duranjaya,M
durga,M
durgadas,M
durgadutt,M
durgesh,M
durijesh,M
durja,M
durjaya,M
durmada,M
durvish,M
dushyant,M
dvimidha,M
dwaraka,M
dwarakadas,M
dwarakanath,M
dwaipayan,M
dwijaraj,M
dwijendra,M
dwijesh,M
dyumna,M
dyumani,M
eashan,M
edi,M
ednit,M
eeshwar,M
eha,M
ehimay,M
eka,M
ekaaksh,M
ekaakshara,M
ekaant,M
ekaatmaa,M
ekachakra,M
ekadant,M
ekagrah,M
ekaksha,M
ekalavya,M
ekaling,M
ekambar,M
ekana,M
ekanath,M
ekanga,M
ekani,M
ekansh,M
ekapad,M
ekaraj,M
ekavir,M
ekavira,M
ekayavan,M
ekbal,M
eklavya,M
eknath,M
ekodar,M
ekram,M
esh,M
eshaan,M
eshwar,M
eshwardutt,M
etash,M
ettan,M
evyavan,M
falgun,M
falak,M
fani,M
fanibhusan,M
faninath,M
fanindra,M
fanindranath,M
fanishwar,M
fhulendu,M
gadhadhar,M
gadin,M
gagan,M
gagandeep,M
gaganvihari,M
gagnesh,M
gajaadhar,M
gajbaahu,M
gajdant,M
gajanan,M
gajanand,M
gajendra,M
gajendranath,M
gajkaran,M
gajpati,M
gajrup,M
gajvadan,M
gambheer,M
ganak,M
ganapati,M
ganaraj,M
gandhaa,M
gandharv,M
gandhi,M
gandhik,M
gandiva,M
ganesh,M
gangadatt,M
gangadhar,M
gangadutt,M
gangesh,M
gangesha,M
gangeya,M
gangol,M
gannaath,M
gannon,M
garg,M
garjan,M
garud,M
gatik,M
gaurang,M
gaurav,M
gauresh,M
gaurikant,M
gaurinandan,M
gaurinath,M
gaurish,M
gaurishankar,M
gaurisuta,M
gautam,M
gaveshan,M
gayan,M
geet,M
ghanaanand,M
ghanendra,M
ghanshyam,M
girdhari,M
giri,M
giridhar,M
girijanandan,M
girik,M
girilal,M
girindra,M
giriraj,M
girish,M
girivar,M
girvaan,M
gitashri,M
gobhil,M
gogula,M
gokul,M
gopal,M
gopan,M
gopesh,M
gopi,M
gopichand,M
gorakh,M
gorakhnath,M
goral,M
goswamee,M
govardhan,M
govind,M
govinda,M
grishm,M
gudakesha,M
gul,M
gulab,M
gulal,M
gulshan,M
gulzar,M
gulzarilal,M
guna,M
gunaakar,M
gunagya,M
gunaja,M
gunamay,M
gunaratna,M
gunin,M
gunina,M
gunjan,M
gunvant,M
gurbachan,M
gurcharan,M
gurdayal,M
gurdeep,M
gurjas,M
gurman,M
gurmeet,M
gurmukh,M
gurpreet,M
gursharan,M
guru,M
gurubachan,M
gurucharan,M
gurudas,M
gurudatt,M
gurudutt,M
gurusharan,M
guruttam,M
gyan,M
gyandev,M
gyaneshwar,M
haadiya,M
hakesh,M
hana,M
hanan,M
hans,M
hanshal,M
hansin,M
hansraj,M
hanuman,M
hanumant,M
har,M
hara,M
hardik,M
hareendra,M
harekrishna,M
haresh,M
hari,M
hariaksa,M
haricharan,M
haridas,M
harigopal,M
harihar,M
harij,M
harikrishna,M
harilal,M
harinarayan,M
harindra,M
harindranath,M
hariprasad,M
haripreet,M
hariram,M
harish,M
harishankar,M
harishchandra,M
harit,M
haritbaran,M
harivansh,M
harivilas,M
harjeet,M
harkrishna,M
harmendra,M
haroon,M
harsh,M
harsha,M
harshad,M
harshal,M
harshavardhan,M
harshini,M
harshit,M
harshul,M
harteij,M
hasan,M
hasit,M
hasmukh,M
hastin,M
havish,M
hem,M
hemachandra,M
hemadri,M
hemakesh,M
hemal,M
hemamdar,M
hemang,M
hemanga,M
hemant,M
hemaprakash,M
hemaprasad,M
hemaraj,M
hemavatinandan,M
hemchander,M
hemdev,M
hemen,M
hemendra,M
hemendu,M
hemish,M
hemraaj,M
hemayu,M
heramba,M
hetal,M
himaadri,M
himanshu,M
himachal,M
himanish,M
himank,M
himmat,M
himnish,M
hind,M
hindola,M
hiral,M
hiranmaya,M
hiranya,M
hiranyak,M
hiren,M
hirendra,M
hiresh,M
hitakrit,M
hiten,M
hitendra,M
hitesh,M
hriday,M
hridayanath,M
hridayesh,M
hridyanshu,M
hrishi,M
hrishikesh,M
hrithik,M
huda,M
huthesh,M
ibhanan,M
ichaa,M
idaspati,M
idhant,M
ijay,M
ikshan,M
ikshit,M
ikshu,M
ilashpasti,M
ilayaraja,M
ilesh,M
ilisa,M
ina,M
inas,M
indeever,M
indivar,M
indra,M
indraarjun,M
indradatt,M
indradyumn,M
indrajit,M
indraneel,M
indrasen,M
indrasena,M
indravadan,M
indubhushan,M
induj,M
indukant,M
indulal,M
induleksh,M
indumal,M
indumauli,M
indushekhar,M
inesh,M
inganam,M
inoday,M
ipsit,M
iraj,M
iravan,M
iravat,M
iresh,M
ish,M
ishaan,M
ishan,M
ishana,M
ishat,M
ishit,M
ishayu,M
ishir,M
ishwar,M
jagadbandu,M
jagadeep,M
jagadhish,M
jagadev,M
jagajeet,M
jagajeevan,M
jagan,M
jaganmay,M
jagannath,M
jagat,M
jagatguru,M
jagatkishor,M
jagatprakash,M
jagatprabhu,M
jagatpal,M
jagatveer,M
jagatbehari,M
jagdeep,M
jagdeo,M
jagdish,M
jagesh,M
jagger,M
jagish,M
jag,M
jagmohan,M
jagrav,M
jahan,M
jahi,M
jahnu,M
jai,M
jaichand,M
jaidayal,M
jaideep,M
jaidev,M
jaigopal,M
jaikrishna,M
jaiman,M
jainarayan,M
jainil,M
jaipal,M
jairaj,M
jairam,M
jaisal,M
jaisukh,M
jaithra,M
jaival,M
jaivant,M
jaivardhan,M
jaiveer,M
jakarious,M
jalbhushan,M
jaldev,M
jaldhar,M
jalendu,M
jalesh,M
jalsa,M
janak,M
janakibhushan,M
janakidas,M
janakinath,M
janakiraman,M
janamejay,M
janardan,M
janesh,M
jankesh,M
janmesh,M
janu,M
japa,M
japendra,M
japesh,M
jasbeer,M
jashith,M
jasjit,M
jaskaran,M
jaspal,M
jasraj,M
jasveer,M
jaswant,M
jataayu,M
jatan,M
jatasya,M
jatin,M
javesh,M
jawahar,M
jay,M
jayachand,M
jayadeep,M
jayaditya,M
jayakrishan,M
jayani,M
jayant,M
jayapal,M
jayaprakash,M
jayashekhar,M
jayawant,M
jayendra,M
jayesh,M
jayin,M
jaysukh,M
jeeval,M
jeevan,M
jeevanprakash,M
jeevaraaj,M
jeevesh,M
jhulier,M
jhumar,M
jigar,M
jiger,M
jignesh,M
jilesh,M
jimuta,M
jina,M
jinabhadra,M
jinadev,M
jinendra,M
jishnu,M
jitamitra,M
jitendra,M
jithvar,M
jivaj,M
jival,M
jivana,M
jivin,M
jivitesh,M
jivraj,M
jnyandeep,M
jnyaneshwar,M
jogesh,M
jogi,M
joginder,M
jogindra,M
jograj,M
jugal,M
jugnu,M
jwala,M
jwalant,M
jwalia,M
jyestha,M
jyotheesh,M
jyothish,M
jyotichandra,M
jyotindra,M
jyotiprakash,M
jyotiranjan,M
jyotirdhar,M
jyotirmaya,M
jwalaprasad,M
kaaliya,M
kaanan,M
kaarikaa,M
kaartikeya,M
kaashinaath,M
kabali,M
kabir,M
kadamb,M
kaditula,M
kailash,M
kailashchandra,M
kailashnath,M
kairav,M
kaivalya,M
kaladhar,M
kalanath,M
kalanidhi,M
kalap,M
kalash,M
kaleecharan,M
kalhans,M
kalicharan,M
kalidas,M
kalimohan,M
kaling,M
kaliranjan,M
kalkin,M
kallol,M
kalpak,M
kalpanath,M
kalpesh,M
kalyan,M
kamadev,M
kamal,M
kamalaapati,M
kamalaj,M
kamalakar,M
kamalaksh,M
kamalanayan,M
kamalbandhu,M
kamalesh,M
kamalkant,M
kamalnayan,M
kamalnath,M
kamboj,M
kamesh,M
kamod,M
kamran,M
kamsantak,M
kanaiya,M
kanak,M
kanan,M
kandarp,M
kanha,M
kanhaiya,M
kanish,M
kanishk,M
kanj,M
kantilal,M
kantimoy,M
kanu,M
kanv,M
kanvar,M
kanwal,M
kanwaljeet,M
kanwalkishore,M
kapaali,M
kapi,M
kapidhwaj,M
kapil,M
kapilashwar,M
kapindra,M
kapirath,M
kapish,M
karan,M
karmendra,M
karmjit,M
karna,M
karnabhushan,M
karnajeet,M
karnam,M
karnapriya,M
karpoor,M
kartar,M
kartik,M
kartikeya,M
karuna,M
karunaanidhi,M
karunakar,M
karunamaya,M
karunanidhi,M
karunashankar,M
karunesh,M
kashi,M
kashif,M
kashinath,M
kashiprasad,M
kashyap,M
kasish,M
katyayan,M
kausar,M
kaushal,M
kaushalesh,M
kaushik,M
kaustav,M
kaustubh,M
kautik,M
kautilya,M
kaveesha,M
kavel,M
kavi,M
kavin,M
kavindra,M
kaviraj,M
kavish,M
kayaan,M
kedaar,M
kedarnath,M
keertan,M
keerthinath,M
kesar,M
keshav,M
keshto,M
ketak,M
ketan,M
ketu,M
ketubh,M
keva,M
keval,M
kevalkishore,M
kevalkumar,M
keyansh,M
khagendra,M
khagesh,M
khairiya,M
khajit,M
kharanshu,M
khemchand,M
khemprakash,M
khushal,M
khushwant,M
kindam,M
kinshuk,M
kintan,M
kiraat,M
kiran,M
kirat,M
kiratidev,M
kireet,M
kirin,M
kiritmani,M
kirtan,M
kirti,M
kirtibhushan,M
kirtikumar,M
kirtin,M
kirtivallabh,M
kishan,M
kishor,M
kishore,M
kishorekumar,M
koshin,M
koundinya,M
kovidh,M
kraanti,M
kripa,M
kripal,M
kripanidhi,M
kripasagar,M
krish,M
krishang,M
krishna,M
krishanu,M
krishnachandra,M
krishnadeva,M
krishnakumar,M
krishnamurari,M
krishnamurthy,M
krishnendu,M
kritanu,M
kritin,M
krithik,M
krivi,M
krunal,M
krupal,M
kshantu,M
kshaunish,M
kshemendra,M
kshirin,M
kshiraj,M
kshitidhar,M
kshitij,M
kshrugal,M
kuber,M
kuberchand,M
kularanjan,M
kulbhooshan,M
kuldeep,M
kuldev,M
kulvir,M
kumar,M
kumaresh,M
kumud,M
kumudesh,M
kumush,M
kunal,M
kunda,M
kundan,M
kundanlal,M
kunjabihari,M
kunsh,M
kunshi,M
kunwar,M
kusagra,M
kush,M
kushabahu,M
kushad,M
kushal,M
kushanu,M
kusumakar,M
kusumesh,M
kuvam,M
kuvar,M
kvanh,M
laabh,M
laalamani,M
laavanya,M
lahar,M
lakhan,M
lakshan,M
laksh,M
lakshman,M
lakshmikant,M
lakshanya,M
lakshmidhar,M
lakshmigopal,M
lakshminath,M
lakshminarayan,M
lakshmipati,M
lakshmiraman,M
lakshya,M
lalam,M
lalan,M
lalchand,M
lalit=,M
lalit,M
lalitaditya,M
lalitchandra,M
lalitesh,M
lalitkishore,M
lalitkumar,M
lalitlochan,M
lalitmohan,M
lambodar,M
laniban,M
lankesh,M
larraj,M
lav,M
lavitra,M
layak,M
lekh,M
liladhar,M
lochan,M
lohendra,M
lohit,M
lohitaksha,M
lohitashwa,M
lokakriti,M
lokanetra,M
lokapujya,M
lokesh,M
lokbhushan,M
loknaath,M
lokpradeep,M
lokprakash,M
lokranjan,M
lomash,M
lovenish,M
lovesh,M
lukesh,M
luv,M
maadhav,M
maagh,M
maalav,M
maalolan,M
maandhata,M
madan,M
madangopal,M
madanmohan,M
maderu,M
madesh,M
madhav,M
madhavan,M
madhavdas,M
madhu,M
madhuban,M
madhuchanda,M
madhuk,M
madhukant,M
madhukar,M
madhup,M
madhur,M
madhusudan,M
madhusoodan,M
madin,M
magan,M
maha,M
mahadev,M
mahaveer,M
mahabahu,M
mahabala,M
mahakaya,M
mahaketu,M
mahakram,M
mahamani,M
mahamati,M
mahant,M
mahanidhi,M
mahapurush,M
maharanth,M
maharshi,M
mahasvin,M
mahatru,M
mahavir,M
maheepati,M
mahendra,M
mahesh,M
maheshwar,M
mahi,M
mahin,M
mahipal,M
mahipati,M
mahish,M
mahit,M
mairava,M
maitreya,M
makarand,M
makhesh,M
makrand,M
makul,M
malak,M
malank,M
malay,M
malaya,M
malhar,M
mallesh,M
mamraj,M
manaal,M
manaar,M
manan,M
manas,M
manav,M
manavendra,M
mandaar,M
mandakranta,M
mandar,M
mandeep,M
mandhatri,M
maneendra,M
maneesh,M
maneet,M
manendra,M
mangal,M
mangesh,M
manhar,M
mani,M
manibhushan,M
manidhar,M
manik,M
manikaant,M
manikandan,M
manindra,M
maniram,M
manish,M
manishankar,M
manit,M
manjeet,M
manjughosh,M
manjul,M
manjyot,M
manmohan,M
mannan,M
manohar,M
manoj,M
manojavaya,M
manomay,M
manoranjan,M
manorath,M
manotej,M
manprasad,M
mansukh,M
manthan,M
mantram,M
manu,M
manuraj,M
manvendra,M
manvir,M
manyu,M
maraal,M
maraam,M
mardav,M
mareechi,M
markandeya,M
martand,M
martanda,M
marudeva,M
marut,M
maruti,M
matanga,M
matheysh,M
matsyendra,M
maulik,M
mayank,M
mayon,M
maysoon,M
mayukh,M
mayur,M
medh,M
medhansh,M
meer,M
megh,M
meghaj,M
meghan,M
meghashyam,M
meghnaad,M
meghdutt,M
meghnad,M
meghraj,M
mehaan,M
mehal,M
mehtab,M
mehul,M
mihir,M
mihirkiran,M
mikesh,M
mikul,M
milan,M
miland,M
milap,M
milind,M
milit,M
minal,M
minesh,M
misal,M
misri,M
mitali,M
mitansh,M
miten,M
mitesh,M
mithil,M
mithilesh,M
mithran,M
mithun,M
mitra,M
mitrajit,M
mitul,M
modak,M
moh,M
mohajit,M
mohak,M
mohal,M
mohan,M
mohin,M
mohit,M
mohnish,M
mohul,M
monish,M
moorti,M
moti,M
motilal,M
moulik,M
mridul,M
mrigaa,M
mrigaj,M
mrigalochan,M
mrigank,M
mrigankamouli,M
mrigankasekhar,M
mrigasya,M
mrigendra,M
mrigesh,M
mrinaal,M
mrinank,M
mrinendra,M
mritunjay,M
mudgal,M
mudil,M
mudit,M
mukesh,M
mukta,M
muktananda,M
mukul,M
mukund,M
mukunda,M
mukut,M
mulkraj,M
muna,M
muneendra,M
muni,M
munish,M
muraaree,M
murad,M
muralee,M
murali,M
muralidhar,M
muralimanohar,M
murari,M
murarilal,M
murgesh,M
murli,M
murugan,M
naabhi,M
naag,M
naagarjun,M
naagdhar,M
naagendra,M
naagesh,M
naagpal,M
naagpati,M
naagraaj,M
naakesh,M
naamdev,M
naanak,M
naaraayan,M
naarad,M
nabendu,M
nabhij,M
nabhoj,M
nabhya,M
nabhomani,M
nachik,M
nachiket,M
nachiketa,M
nadeen,M
nadeesh,M
nadish,M
nagdhar,M
nagendra,M
nagesh,M
nageshwaran,M
naggar,M
nahush,M
naimish,M
nairit,M
naishadh,M
naitik,M
nakhraj,M
nakshatra,M
naksatraraja,M
nakul,M
nal,M
nalesh,M
nalin,M
nalinaksh,M
nalinikant,M
naman,M
namdev,M
namish,M
namit,M
nand,M
nanda,M
nandak,M
nandakumar,M
nandan,M
nandi,M
nandin,M
nandish,M
nandlaal,M
narad,M
narahari,M
narasimha,M
narayan,M
narayana,M
narayanan,M
narendra,M
narendranath,M
naresh,M
narhari,M
narmad,M
narottam,M
narsi,M
narsimha,M
nartan,M
nartana,M
naruna,M
natesh,M
nateshwar,M
nathan,M
natraj,M
natwar,M
naubahar,M
nauhar,M
nauka,M
naval,M
navaj,M
navaneet,M
navashen,M
naveen,M
navin,M
navendu,M
navinchandra,M
navisha,M
navrang,M
navratan,M
navtej,M
nawal,M
nawalkishor,M
nawar,M
nayak,M
nayakan,M
nayan,M
nehan,M
neel,M
neelabh,M
neeladri,M
neelam,M
neelamani,M
neelambar,M
neelambuj,M
neelanchal,M
neelanjan,M
neelesh,M
neelgreev,M
neelkamal,M
neelkanth,M
neelmadhav,M
neelotpal,M
neerad,M
neeraj,M
neerav,M
nehal,M
nesayem,M
nibaal,M
nibodh,M
nidhish,M
nigam,M
nihaar,M
nihal,M
nikash,M
niket,M
niketan,M
nikhil,M
nikhilesh,M
nikunj,M
nikunja,M
nilabh,M
nilay,M
nilesh,M
nimai,M
nimesh,M
nimish,M
ninad,M
nipun,M
niraamay,M
nirad,M
niraj,M
nirajit,M
niramay,M
niramitra,M
niranjan,M
nirankar,M
nirav,M
nirbhay,M
nirbhik,M
nirdhar,M
nirek,M
nirijhar,M
niriksh,M
nirish,M
nirmal,M
nirmay,M
nirmit,M
nirmohi,M
nirupam,M
nirvan,M
nisarg,M
nish,M
nishad,M
nishakar,M
nishikar,M
nishakant,M
nishikant,M
nishan,M
nishanath,M
nishant,M
nishar,M
nishat,M
nishchal,M
nishesh,M
nishikaant,M
nishil,M
nishinath,M
nishith,M
nishkarsh,M
nishok,M
nissim,M
nisyaanthan,M
niteesh,M
nitesh,M
nitish,M
nitin,M
nityam,M
nityagopal,M
nityananda,M
nityanta,M
nitya,M
nivedh,M
nivrutti,M
nridev,M
nrip,M
nripendra,M
nripesh,M
nrupadh,M
obalesh,M
ohas,M
ojal,M
ojas,M
ojayit,M
om,M
oma,M
omanand,M
omar,M
omarjeet,M
omesa,M
omesh,M
omeshwar,M
omkar,M
omkarnath,M
ompati,M
omprakash,M
omswaroop,M
oni,M
oojam,M
oorjit,M
orion,M
paandu,M
paandurang,M
paaninee,M
paarbrahm,M
paarth,M
paarthiv,M
paavak,M
paavan,M
padam,M
padm,M
padmabandhu,M
padmadhar,M
padmahasta,M
padmaj,M
padmakar,M
padmakant,M
padmal,M
padmalochan,M
padman,M
padmanabha,M
padmapani,M
padmapati,M
padmayani,M
padmesh,M
padminish,M
pahal,M
pakhi,M
paksha,M
pakshi,M
palak,M
palash,M
palashranjan,M
palin,M
pallab,M
pallav,M
panav,M
panchaanan,M
panchajana,M
panchal,M
panchavaktra,M
pandhari,M
pandita,M
panduranga,M
pandya,M
pankaj,M
pankajalochana,M
pankajan,M
pankajeet,M
panna,M
pannalal,M
panngesh,M
panshul,M
parag,M
paraashar,M
parakram,M
param,M
paramananda,M
paramartha,M
paramesh,M
parameshwar,M
paramjeet,M
paramjit,M
paran,M
paranjay,M
parantapa,M
paras,M
parashar,M
parashuraam,M
parasme,M
paratpara,M
paravasu,M
parees,M
paresh,M
paresha,M
parighosh,M
parijat,M
pariket,M
parikshit,M
parimal,M
parindra,M
paritosh,M
parish,M
parmaarth,M
parmeet,M
parmesh,M
parnad,M
parnal,M
parnik,M
parth,M
partha,M
parthapratim,M
parthasarathi,M
parthiv,M
parvat,M
parvateshwar,M
parvatinandan,M
parvesh,M
pashunath,M
pashupati,M
patag,M
patakin,M
pathik,M
pathin,M
patoj,M
patr,M
paurav,M
pavak,M
pavan,M
pavanaj,M
pavankumar,M
pavansut,M
pavitra,M
payas,M
payod,M
peetambar,M
peeyush,M
pehlaj,M
perumal,M
phalak,M
phalgun,M
phani,M
phaninath,M
phanindra,M
phanishwar,M
phoolendu,M
piki,M
pinak,M
pingal,M
pinakin,M
pitambar,M
pival,M
piyali,M
piyush,M
poshan,M
poonish,M
pooran,M
poornachandra,M
poornanand,M
poorv,M
poorvaj,M
poudhan,M
prabal,M
prabhakar,M
prabhanjan,M
prabhas,M
prabhat,M
prabhav,M
prabhave,M
prabhu,M
prabuddha,M
prabir,M
prabodh,M
prabodhan,M
prachet,M
pracheta,M
prachur,M
pradarsh,M
pradeep,M
pradhi,M
pradnesh,M
pradosh,M
pradyot,M
pradyumna,M
pradyun,M
praful,M
prafulla,M
pragdeesh,M
pragnay,M
pragnya,M
pragun,M
prayan,M
prahalad,M
prahlad,M
prajapati,M
prajeet,M
prajesh,M
prajin,M
prajit,M
prajval,M
prajvala,M
prakash,M
prakat,M
praket,M
prakhar,M
prakrit,M
prakul,M
pramath,M
pramesh,M
pramit,M
pramod,M
pramodan,M
pramsu,M
pramukh,M
pran,M
prana,M
pranad,M
pranav,M
pranava,M
pranay,M
praneel,M
praneeth,M
pranesh,M
pranet,M
praney,M
pranit,M
pranjal,M
pranjivan,M
prankit,M
prannath,M
pranshu,M
pransu,M
pransukh,M
prasad,M
prasanna,M
prasata,M
prasenjit,M
prasham,M
prashansa,M
prashant,M
prashray,M
prasoon,M
prasuk,M
pratap,M
prateep,M
prateesh,M
prateet,M
pratham,M
prathamesh,M
pratik,M
pratosh,M
pratul,M
pratyush,M
praval,M
pravan,M
pravar,M
praveen,M
praveer,M
pravin,M
pravir,M
pravit,M
prayaag,M
preet,M
preetam,M
preetidutt,M
preetish,M
preetiwardhan,M
prem,M
premal,M
premanand,M
premendra,M
prerit,M
pretvan,M
pribhakta,M
prina,M
prineet,M
prinita,M
pritam,M
pritesh,M
prithish,M
prithu,M
prithvee,M
prithvi,M
prithviraj,M
pritish,M
privrata,M
priyaank,M
priyadarshan,M
priyadarshi,M
priyaka,M
priyal,M
priyanesh,M
priyanshu,M
priyanvad,M
priyaranjan,M
priyesh,M
pruthivi,M
pujan,M
pukhraj,M
pulak,M
pulakesh,M
pulin,M
pulkit,M
pundalik,M
puneet,M
punit,M
purahan,M
purajit,M
puran,M
purandar,M
puranjay,M
purav,M
purnanada,M
purnendu,M
purohit,M
purshottam,M
puru,M
purujit,M
purumitra,M
pururava,M
purushottam,M
pusan,M
pushkal,M
pushkar,M
pushp,M
pushpad,M
pushpak,M
pushpakar,M
pushpaketu,M
pushpaj,M
pushpendra,M
pushpesh,M
pushpmitra,M
puskara,M
pyarelal,M
pyaremohan,M
raahi,M
raajaa,M
raajeev,M
raajeevalochan,M
raajyashree,M
raakaa,M
raakesh,M
raam,M
raamaanuj,M
raamdatt,M
rachit,M
radhakanta,M
radhakrishna,M
radhavallabh,M
radhesh,M
radheshyam,M
radheya,M
radhiyaa,M
raghav,M
raghavendra,M
raghbir,M
raghu,M
raghukumara,M
raghunandan,M
raghunath,M
raghupati,M
raghuvir,M
ragin,M
rahas,M
rahul,M
raivata,M
raj,M
raja,M
rajan,M
rajaneesh,M
rajani,M
rajanikant,M
rajas,M
rajat,M
rajata,M
rajatanabhi,M
rajatshubhra,M
rajdeep,M
rajeev,M
rajeevalochana=,M
rajendra,M
rajendrakumar,M
rajendramohan,M
rajesh,M
rajhans,M
rajinipati,M
rajit,M
rajiv,M
rajkumar,M
rajrishi,M
raju,M
rajul,M
rajyeshwar,M
rakesh,M
rakshan,M
raktakamal,M
ram,M
ramadeep,M
ramadhuta,M
ramakaant,M
ramakanta,M
ramakrishna,M
raman,M
ramanand,M
ramanjit,M
ramanuj,M
ramanuja,M
ramashray,M
ramavatar,M
ramchandra,M
ramdas,M
ramesh,M
rameshwar,M
ramgopal,M
ramkishore,M
ramkrishna,M
ramkumar,M
rammohan,M
ramnath,M
ramprasad,M
rampratap,M
ramoji,M
ramra,M
ramratan,M
ramswaroop,M
rana,M
ranadeva,M
ranajay,M
ranajit,M
ranak,M
rand,M
randhir,M
ranesh,M
ranil,M
rangana,M
ranganath,M
ranjan,M
ranjay,M
ranjit,M
ranjiv,M
rantidev,M
ranveer,M
ras,M
rasaraj,M
rasbihari,M
rasesh,M
rashmi,M
rasik,M
rasit,M
rasmaru,M
rasna,M
ratan,M
ratannabha,M
ratash,M
rathin,M
ratinderpal,M
ratish,M
ratnabhu,M
ratnakar,M
ratnanidhi,M
ratnesh,M
ratul,M
raunak,M
raunit,M
ravalnath,M
raveendra,M
raven,M
ravi,M
ravikanth,M
ravikeerti,M
ravikiran,M
ravinandan,M
ravindra,M
ravindranath,M
ravinshu,M
ravish,M
ravisharan,M
ravishu,M
ravit,M
ray,M
rayirth,M
rebanta,M
renaud,M
renesh,M
renit,M
resham,M
revanth,M
revarth,M
richan,M
riddhiman,M
ridit,M
rigved,M
riju,M
rijul,M
rikin,M
rimon,M
ripu,M
ripudaman,M
rishaan,M
rishab,M
rishabh,M
rishi,M
rishik,M
rishikesh,M
rishit,M
rishvanjas,M
ritesh,M
rithik,M
riti,M
ritul,M
rituraaj,M
ritvik,M
rivan,M
rochak,M
rochan,M
rohak,M
rohan,M
rohanlal,M
rohin,M
rohiniraman,M
rohinish,M
rohit,M
rohitasva,M
rohtak,M
romila,M
romir,M
ronak,M
ronav,M
ronit,M
roopak,M
roopesh,M
ronsher,M
roshan,M
ruchir,M
rudr,M
rudra,M
rudrapriya,M
ruhan,M
rujul,M
rukm,M
rukminesh,M
rupak,M
rupang,M
rupendra,M
rupesh,M
rupeshwar,M
rupin,M
rushabh,M
rusham,M
rushang,M
rusheek,M
rushil,M
rustam,M
rutajit,M
rutesh,M
rutva,M
rutvij,M
rwiju,M
saagar,M
saakaar,M
saanjh,M
saaras,M
saatatya,M
saatvik,M
sabal,M
sabhya,M
sabyasachi,M
sabrang,M
sachh,M
sacchidananda,M
sachchit,M
sachet,M
sachetan,M
sachin,M
sachish,M
sachit,M
sachiv,M
sadabindu,M
sadanand,M
sadar,M
sadashiv,M
sadashiva,M
sadavir,M
sadeepan,M
sadgun,M
sadhan,M
sadhil,M
sadiva,M
sadru,M
safal,M
saffar,M
sagan,M
sagar,M
sagardutt,M
sagun,M
saguna,M
sahaj,M
sahar,M
sahara,M
saharsh,M
sahas,M
sahasrad,M
sahastrabahu,M
sahastrajit,M
sahasya,M
sahat,M
sahaya,M
sahadev,M
sahen,M
sahib,M
sahil,M
sahishnu,M
sai,M
saiamartya,M
saicharan,M
saideep,M
saijeevadhara,M
saikalakala,M
saikalateeta=,M
saikiran,M
sailadev,M
sainath,M
saiprasad,M
saipratap,M
sajal,M
sajan,M
sajiv,M
sajiva,M
sajjan,M
saju,M
sakaleshwar,M
sakash,M
saket,M
saketharaman,M
saksham,M
sakshum,M
salarjung,M
salaj,M
salil,M
salokh,M
samaah,M
samabashiv,M
samaj,M
samajas,M
samaksh,M
samanyu,M
samar,M
samarendra,M
samarendu,M
samarjit,M
samarpan,M
samarth,M
samavart,M
sambaran,M
sambha,M
sambhav,M
sambit,M
sambodh,M
sambuddha,M
samdarshi,M
sameep,M
sameer,M
samen,M
samendu,M
samesh,M
samhita,M
sami,M
samik,M
samin,M
samir,M
samividhan=,M
sammad,M
sampada,M
sampath,M
sampoorn,M
samranpal,M
samrat,M
samrudh,M
samskar,M
samskara,M
samudra,M
samudragupta,M
samudrasen,M
samvar,M
samyak,M
sanaatan,M
sanat,M
sanatana,M
sanchay,M
sanchit,M
sandeep,M
sandeepen,M
sandesh,M
sanhata,M
sanjay,M
sanjeev,M
sanjit,M
sanjiv,M
sanjivan,M
sanjog,M
sankara,M
sankalp,M
sankarshan,M
sanket,M
sankul,M
sannath,M
sannibh,M
sannidhi,M
sannigdh,M
sanobar,M
sanshray,M
sanskar,M
santan,M
santosh,M
sanurag,M
sanwariya,M
sanyog,M
sapan,M
saprathas,M
saptajit,M
saptarishi,M
saptanshu,M
sarana,M
sarang,M
saral,M
saransh,M
saras,M
sarasi,M
sarasija,M
sarasvat,M
sarat,M
sarathy,M
saravana,M
sarayu,M
sarbajit,M
sarbani,M
sargam,M
sarin,M
sarish,M
sarit,M
sarngin,M
sarojin,M
sartaj,M
sarthak,M
sarup,M
sarva,M
sarvad,M
sarvadaman,M
sarvadev,M
sarvadharin,M
sarvag,M
sarvagny,M
sarvak,M
sarvambh,M
sarvan,M
sarvang,M
sarvapalaka,M
sarvashay,M
sarvavas,M
sarvendra,M
sarvesh,M
sarveshvara,M
sarwar,M
sashang,M
sashreek,M
sashanth,M
sashwat,M
sasi,M
sasidhar,M
sasmit,M
sasta,M
satadev,M
satamanyu,M
satanand,M
satayu,M
sateendra,M
satesh,M
sathi,M
sathindar,M
satin,M
satinath,M
satindra,M
satish,M
satishchandra,M
satkartar,M
satpal,M
satpati,M
satrajit,M
satruijt,M
satvamohan,M
satvat,M
satveer,M
satvik,M
satvinder,M
satya,M
satyadarshi,M
satyadev,M
satyajit,M
satyak,M
satyakaam,M
satyaki,M
satyam,M
satyamurty,M
satyanarayan,M
satyankar,M
satyaprakash,M
satyapriya,M
satyasheel,M
satyashrawaa,M
satyavaan,M
satyavache,M
satyavrat,M
satyen,M
satyendra,M
saubal,M
saubhadra,M
saudeep,M
saumit,M
saumitr,M
saumitra,M
saumya,M
saunak,M
saurabh,M
saurav,M
saurjyesh,M
sava,M
savar,M
savir,M
savit,M
savitashri,M
savitendra,M
savya,M
savyasachi,M
sawan,M
seemanta,M
sekhar,M
selva,M
sena,M
senajit,M
senthil,M
seshadri,M
setu,M
seva,M
sevak,M
shaan,M
shaandilya,M
shaant,M
shaarav,M
shaardul,M
shaashwat,M
shabar,M
shadab,M
shagun,M
shahalad,M
shail,M
shaildhar,M
shailen,M
shailendra,M
shailesh,M
shakti,M
shaktidhar,M
shakuni,M
shakunt,M
shakyasinha,M
shalabh,M
shalang,M
shaligram,M
shalik,M
shalin,M
shalina,M
shalmali,M
shalya,M
shamak,M
shamakarn,M
shambhavi,M
shambhu,M
shameek,M
shami,M
shamik,M
shamindra,M
shamita,M
shams,M
shanay,M
shandar,M
shankar,M
shankarshan,M
shankdhar,M
shankh,M
shankhapani,M
shankhi,M
shankhin,M
shankir,M
shanmukha,M
shansa,M
shantanav,M
shantan,M
shantanu,M
shantashil,M
shantidev,M
shantimay,M
shantinath,M
shantiprakash,M
shanyu,M
sharad,M
sharadchandra,M
sharadendu,M
sharan,M
sharang,M
sharat,M
shardul,M
shari,M
sharu,M
sharvarish,M
shashank,M
shashee,M
shashi,M
shashibhushan,M
shashidhar,M
shashikant,M
shashikar,M
shashikiran,M
shashimohan,M
shashin,M
shashipushpa,M
shashish,M
shashishekhar,M
shashvata,M
sashriti,M
shashwat,M
shataaneek,M
shataayu,M
shatadru,M
shatarupa,M
shatjit,M
shatrughan,M
shatrughna,M
shatrujit,M
shatrunjay,M
shattesh,M
shauchin,M
shauna,M
shaunak,M
shaurav,M
shauri,M
shaurya,M
shay,M
shaylan,M
sheehan,M
sheil,M
shekhar,M
shera,M
shesanand,M
shesh,M
sheshdhar,M
shevantilal,M
shibhya,M
shighra,M
shikhandin,M
shikhar,M
shilang,M
shilendra,M
shilish,M
shineyu,M
shinjan,M
shipirist,M
shirdi,M
shirish,M
shirom,M
shiromani,M
shishir,M
shishirchandra,M
shishirkana,M
shishirkumar,M
shishupal,M
shishul,M
shitiz,M
shitikanth,M
shiv,M
shivadev,M
shivam,M
shivanand,M
shivanath,M
shivank,M
shivansh,M
shivas,M
shivasunu,M
shiven,M
shivendra,M
shivendu,M
shivesh,M
shiveshvar,M
shivik,M
shivkumar,M
shivlal,M
shivraj,M
shivram,M
shivshankar,M
shivshekhar,M
shlesh,M
shlok,M
shobhan,M
shoor,M
shoora,M
shoorsen,M
shoubhit,M
shranay,M
shraunak,M
shravan,M
shravana,M
shravankumar,M
shray,M
shree,M
shreedhar,M
shreeharsh,M
shreekant,M
shreekrishna,M
shreekumar,M
shreeman,M
shreepriya,M
shreepushp,M
shreerang,M
shreesh,M
shreevallabh,M
shrenik,M
shreshta,M
shresth,M
shresthi,M
shrey,M
shreyank,M
shreyansh,M
shreyas,M
shreyash,M
shreyovardhana,M
shrida,M
shridhar,M
shrigopal,M
shrihan,M
shrihari,M
shrikant,M
shrikar,M
shrikeshav,M
shrikrishna,M
shrikumar,M
shrimat,M
shrimate,M
shrimohan,M
shrinand,M
shrinath,M
shringesh,M
shriniketan,M
shrinivas,M
shripad,M
shripadma,M
shripal,M
shripati,M
shriram,M
shriranga,M
shriranjan,M
shrish,M
shrisha,M
shrivarah,M
shrivardhan,M
shrivas,M
shrivatsa,M
shrivatsav,M
shriyadita,M
shriyans,M
shrot,M
shrutakeerti,M
shrutik,M
shubendra,M
shubhang,M
shubhankar,M
shubhashis,M
shubh,M
shubhaksh,M
shubhan,M
shubhasunad,M
shubhay,M
shubhendu,M
shubhojit,M
shubhranshu,M
shubhratho,M
shuddhashil,M
shuk,M
shukla,M
shukra,M
shuktij,M
shulabh,M
shulandhar,M
shulin,M
shuna,M
shushil,M
shvant,M
shvetambar,M
shvetang,M
shvetank,M
shvetanshu,M
shvetavah,M
shwetambar,M
shwetanshu,M
shwetbhanu,M
shyam,M
shyamak,M
shyamal,M
shyamantak,M
shyamsunder,M
siamak,M
sidak,M
siddak,M
siddha,M
siddhadev,M
siddhanath,M
siddhanta,M
siddharth,M
siddhesh,M
siddheshwar,M
siddhraj,M
siddid,M
sihaam,M
sikandar,M
simrit,M
sindhu,M
sindhunath,M
sinha,M
sinhag,M
sinhvahan,M
siraj,M
sitakanta,M
sitanshu,M
sitaram,M
sitikantha,M
sivanta,M
skand,M
smarajit,M
smaran,M
smiren,M
smritiman,M
sneagen,M
snehakant,M
snehal,M
snehil,M
snithik,M
sohal,M
soham,M
sohan,M
sohil,M
sokanathan,M
soleil,M
som,M
somadev,M
somali,M
somansh,M
somanshu,M
somashekhar,M
somasindhu,M
sombir,M
somendra,M
somesh,M
someshwar,M
somil,M
somkar,M
somnath,M
somprakash,M
sonit,M
sopaan,M
soumava,M
soumil,M
sourabh,M
souradip,M
sourish,M
sourja,M
sparsh,M
sreeghan,M
sreevalsan,M
sriashwin,M
sriansh,M
srichaitra,M
sridatta,M
sridhar,M
srihith,M
srijan,M
srijesh,M
srikant/,M
srikar,M
srinesh,M
srinish,M
srinivas,M
sriram,M
sritam,M
srivant,M
srivar,M
srivatsav,M
stavya,M
sthavir,M
sthir,M
stotri,M
subaahu,M
subal,M
subali,M
subandhu,M
subeer,M
subeesh,M
subhadr,M
subhag,M
subhan,M
subhang,M
subhas,M
subhash,M
subhendu,M
subhradip,M
subinay,M
subodh,M
subrahmanya,M
subratah,M
suchendra,M
suchet,M
suchin,M
suchir,M
suchit,M
sudalai,M
sudama,M
sudarshan,M
suday,M
sudeep,M
sudeepta,M
sudesha,M
sudev,M
sudeva,M
sudhakar,M
sudhamay,M
sudhang,M
sudhanshu,M
sudhanssu,M
sudhanvan,M
sudhendra,M
sudhindra,M
sudhir,M
sudhish,M
sudhit,M
sudin,M
sudip,M
sudir,M
sugandh,M
sugata,M
sughosh,M
sugriva,M
suhas,M
suhrit,M
suhruda,M
sujal,M
sujan,M
sujash,M
sujat,M
sujay,M
sujendran,M
sujetu,M
sujit,M
suka,M
sukant/,M
sukarma,M
sukarman,M
sukumar,M
suketu,M
sukhajat,M
sukhakar,M
sukhamay,M
sukhashakt,M
sukhdev,M
sukhesh,M
sukhwant,M
sukrant,M
sukrit,M
sukumara,M
sukumaran,M
sulabh,M
sulalit,M
sulek,M
suloch,M
sulochan,M
sumadhur,M
suman,M
sumangal,M
sumant,M
sumantu,M
sumanyu,M
sumati,M
sumatinath,M
sumay,M
sumed,M
sumedh,M
sumeer,M
sumeet,M
sumeru,M
sumesh,M
sumiran,M
sumit,M
sumitr,M
sumitranandan,M
sumukh,M
sunand,M
sunam,M
sunandan,M
sunar,M
sunashi,M
sunay,M
sunchit,M
sundar,M
sundara,M
sunder,M
suneet,M
sunil,M
sunirmal,M
sunjeev,M
suparn,M
supash,M
suprabhaat,M
suprakash,M
suprasanna,M
supratik,M
supratim,M
supreet,M
suprit,M
sur,M
suradhish,M
suradip,M
suragan,M
suraj,M
surajit,M
surajiv,M
suram,M
suran,M
suranjan,M
surarihan,M
suras,M
surath,M
surbhup,M
surdaas,M
surdeep,M
suren,M
surendra,M
suresh,M
sureshwar,M
suri,M
surjeet,M
surnath,M
surshri,M
surup,M
surush,M
suryaansh,M
surya,M
suryabhan,M
suryadev,M
suryakant,M
suryanshu,M
suryaprakash,M
suryashankar,M
suryansh,M
suryesh,M
susadh,M
susan,M
susen,M
sushant,M
sushen,M
susher,M
sushil,M
sushim,M
sushobhan,M
sushrut,M
susil,M
sutantu,M
sutapa,M
sutara,M
sutej,M
sutirth,M
sutosh,M
sutoya,M
suvan,M
suvarn,M
suvas,M
suvel,M
suvidh,M
suvimal,M
suvir,M
suvrata,M
suyamun,M
suyati,M
suyash,M
svamin,M
svaminath,M
svang,M
svanik,M
svar,M
svaraj,M
svarg,M
svarna,M
svarpati,M
svayambhu,M
svayambhut,M
swadhin,M
swagat,M
swajith,M
swami,M
swaminath,M
swapan,M
swapnesh,M
swapnil,M
swaraj,M
swarit,M
swarnim,M
swarnapurishwara,M
swarup,M
swastik,M
swatantar,M
swayambhu,M
swetaketu,M
swetank,M
swethan,M
syamantak,M
syon,M
syum,M
taarank,M
taha,M
tahir,M
tahoma,M
tajdar,M
taksa,M
taksha,M
takshak,M
taksheel,M
talaketu,M
talank,M
talin,M
talish,M
tamal,M
tamas,M
tamil,M
tamila,M
tamish,M
tamkinat,M
tamoghna,M
tamonash,M
tamra,M
tana,M
tanak,M
tanav,M
tanay,M
tanish,M
tanishq,M
tanmay,M
tanuj,M
tanul,M
tandeep,M
tanveer,M
tapan,M
tapas,M
tapasendra,M
tapasranjan,M
tapendra,M
tapesh,M
tapomay,M
taporaj,M
tarachand,M
tarachandra,M
taradhish,M
tarak,M
tarakesh,M
tarakeshwar,M
taraknath,M
taraksh,M
taral,M
taran,M
tarang,M
tarani,M
taranjot,M
taraprashad,M
tarendra,M
taresh,M
tarik,M
tarit,M
tarosh,M
taru,M
tarusa,M
tarun,M
taruntapan,M
tashvin,M
tathagat,M
tatharaj,M
tatya,M
tautik,M
tavish,M
teerth,M
teerthankar,M
tegvir,M
tej,M
tejal,M
tejas,M
tejeshwar,M
tejomay,M
thakarshi,M
thakur,M
thaman,M
thashan,M
thavanesh,M
thayalan,M
thulasitharan,M
tijil,M
tilak,M
timin,M
timmy,M
timothy,M
tirranand,M
tirthankar,M
tirthayaad,M
tirumala,M
tirupathi,M
tisyaketu,M
titir,M
toshan,M
toya,M
toyesh,M
trailokva,M
triambak,M
tribhuvan,M
tridev,M
tridhaman,M
tridhatri,M
tridib,M
tridiva,M
trigun,M
trigya,M
trijal,M
trikay,M
trilochan,M
trilok,M
trilokchand,M
trilokesh,M
trilokanath,M
trimaan,M
trimurti,M
trinabh,M
trinath,M
trinetra,M
tripur,M
trinayan,M
tripurajit,M
tripurari,M
trisanu,M
trishan,M
trishanku,M
trishar,M
trishul,M
trishulank,M
trishulin,M
trivikram,M
tufan,M
tuhin,M
tuhinsurra,M
tuka,M
tukaram,M
tulsikumar,M
tulsidaas,M
tunava,M
tunda,M
tunganath,M
tungar,M
tungesh,M
tungeshwar,M
tungish,M
turag,M
turvasu,M
tushaar,M
tusharkanti,M
tusharsuvra,M
tusya,M
tuvidyumna,M
tuvijat,M
tyaagaraaj,M
tyagraja,M
uday,M
udayan,M
udbhav,M
uddhav,M
udeep,M
udit,M
ujas,M
ujesh,M
ujjwal,M
ulhas,M
umachandra,M
umakant,M
umang,M
umesh,M
unmesh,M
upanshu,M
upendra,M
ushapati,M
utham,M
uttam,M
utkarsh,M
utpal,M
vaachaspati,M
vaageesh,M
vaakpati,M
vaalmeeki,M
vaaman,M
vaamdev,M
vaanee,M
vaasavadatta,M
vaasuki,M
vaatsyaayan,M
vaayu,M
vachan,M
vachaspati,M
vadin,M
vadish,M
vagindra,M
vagish,M
vahin,M
vaibhav,M
vaidya,M
vaidyanaath,M
vaijayi,M
vaijnath,M
vaikartan,M
vaikhan,M
vaikunth,M
vaikuntanath,M
vainavin,M
vairaj,M
vairaja,M
vairat,M
vairinchya,M
vairochan,M
vaisak,M
vaishant,M
vaishnav,M
vaishwaanar,M
vaiwaswat,M
vajasani,M
vajendra,M
vajrang,M
vajraang,M
vajrabaahu,M
vajradhar,M
vajrahast,M
vajrajit,M
vajrakaya,M
vajraksha,M
vajramani,M
vajrapaani,M
vajrin,M
vakrabhuj,M
vakratund,M
valaak,M
vallabh,M
valmiki,M
vama,M
vamadev,M
vamsi,M
vamsidhar,M
vamsikrishna,M
vanabihari,M
vanad,M
vanadev,M
vanajit,M
vanamalin,M
vandan,M
vanhi,M
vanij,M
vaninadh,M
vanmaalee,M
vanraaj,M
vansh,M
vansheedhar,M
vanshya,M
varid,M
varidhvaran,M
variya,M
varendra,M
varaah,M
varaahamihir,M
vardaan,M
varad,M
varadaraaj,M
varana,M
vardhaman,M
vardhan,M
varesh,M
vareshvar,M
varij,M
varin,M
varindra,M
varish,M
variyas,M
varshik,M
vartanu,M
varun,M
varunesh,M
vasant,M
vasantamaalika,M
vasav,M
vasavaj,M
vashisht,M
vasistha,M
vasu,M
vasudev,M
vasuki,M
vasuman,M
vasumat,M
vasumitra,M
vasupati,M
vasur,M
vasuroop,M
vasusen,M
vatatmaj,M
vatradhara,M
vatsa,M
vatsal,M
vatsapal,M
vatsar,M
vatsin,M
vaydeesh,M
vayu,M
vayujat,M
vayun,M
vayunand,M
vayya,M
ved,M
vedanga,M
vedant,M
vedanth,M
vedaprakash,M
vedatman,M
vedatmane,M
vedavrata,M
vedbhushan,M
vedesh,M
vedmohan,M
vedavyaas,M
veekshith,M
veer,M
veerbhadra,M
veerendra,M
veerottam,M
velan,M
venavir,M
veni,M
venimadhav,M
venkat,M
venkataraman,M
venkatesh,M
venu,M
venumadhav,M
venugopal,M
veydant,M
viamrsh,M
vibhaakar,M
vibhaavasu,M
vibhas,M
vibhat,M
vibhavasu,M
vibhishan,M
vibhor,M
vibhu,M
vibhudendra,M
vibhumat,M
vibhusnu,M
vibhut,M
vibodh,M
vidarbh,M
videh,M
vidhatru,M
vidhesh,M
vidhu,M
vidhyadhar,M
vidip,M
vidit,M
vidojas,M
vidur,M
vidvan,M
vidvatam,M
vidyaaranya,M
vidyacharan,M
vidyadhar,M
vidyaranya,M
vidyasagar,M
vidyut,M
vighnajit,M
vighnaraaj,M
vighnesh,M
vighneshwar,M
vigrah,M
vihaan,M
vihanga,M
vihang,M
vijay,M
vijayant,M
vijayarathna,M
vijayendra,M
vijayesh,M
vijayketu,M
vijeesh,M
vijendra,M
vijeta,M
vijigeesh,M
vijul,M
vijval,M
vikarnan,M
vikas,M
vikat,M
vikern,M
vikesh,M
vikram,M
vikramaditya,M
vikramajit,M
vikramendra,M
vikramin,M
vikrant,M
viksar,M
vikunth,M
vikyath,M
vilas,M
vilochan,M
vilohit,M
vilok,M
vilokan,M
vimal,M
vimaladitya,M
vimalmani,M
vimridh,M
vinayak,M
vinahast,M
vinamar,M
vinay,M
vineet,M
vinesh,M
vinil,M
vinochan,M
vinod,M
vinoo,M
vipan,M
vipaschit,M
vipin,M
vipinbehari,M
viplav,M
vipreet,M
vipul,M
vir,M
viraaj,M
viraat,M
virabhadra,M
viral,M
viranath,M
viranchi,M
virasana,M
virat,M
virata,M
virbhanu,M
virendra,M
viresh,M
vireshvar,M
virikvas,M
virinchi,M
virochan,M
virudh,M
virurch,M
visamaksh,M
vishal,M
vishaalaaksh,M
vishakh,M
vishalya,M
vishantak,M
vishatan,M
vishesh,M
vishikh,M
vishnahpu,M
vishnay,M
vishnu,M
vishnudutt,M
vishodhan,M
vishram,M
vishresh,M
vishruth,M
vishtasp,M
vishv,M
vishva,M
vishvadev,M
vishvadhar,M
vishvag,M
vishvahetu,M
vishvajit,M
vishvakarma,M
vishvaketu,M
vishvam,M
vishvamitra,M
vishvanabh,M
vishvanaath,M
vishvaretas,M
vishvatma,M
vishvesh,M
vishwaamitra,M
vishvas,M
vishwajeet,M
vishwakarma,M
vishwambhar,M
vishwamitra,M
vishwankar,M
vishwaroop,M
vishwast,M
vishwasth,M
vishwatma,M
vishweshwar,M
vismay,M
visvajit,M
visvayu,M
viswanath,M
vitabhay,M
vitaharya,M
vitashokha,M
vitasta,M
vithala,M
vitola,M
vittanath,M
vittesh,M
vitthal,M
vivaan,M
vivan,M
vivash,M
vivaswat,M
vivatma,M
vivek,M
vivekananda,M
vivin,M
vrajakishore,M
vrajalal,M
vrajamohan,M
vrajanadan,M
vrajesh,M
vrajraj,M
vratesh,M
vrisa,M
vrisag,M
vrisan,M
vrisangan,M
vrisapati,M
vrishab,M
vrishabh,M
vrishabhaanu,M
vrishank,M
vrishin,M
vrisini,M
vyan,M
vyasa,M
vyom,M
vyomaang,M
vyomdev,M
vyomakesh,M
vyomesh,M
vyshnav,M
yadav,M
yadavendra,M
yadu,M
yadunandan,M
yadunath,M
yaduraj,M
yaduvir,M
yagna,M
yagnesh,M
yagya,M
yagyasen,M
yagyesh,M
yaj,M
yajat,M
yajnadhar,M
yajnarup,M
yajnesh,M
yakootah,M
yaksha,M
yamahil,M
yamajit,M
yamha,M
yamir,M
yash,M
yashas,M
yashmit,M
yashodev,M
yashodhan,M
yashodhar,M
yashovardhana,M
yashovarman,M
yashpal,M
yashraj,M
yashvasin,M
yashwant,M
yasti,M
yathavan,M
yatin,M
yatindra,M
yatish,M
yatiyasa,M
yatnesh,M
yayati,M
yayin,M
yog,M
yogadeva,M
yoganidra,M
yogendra,M
yogesh,M
yograj,M
yogi,M
yoginampati,M
yogine,M
yogiraj,M
yojit,M
yudhajit,M
yudhisthir,M
yugandhar,M
yugantar,M
yukta,M
yuval,M
yuvaraj,M
yuyutsu,M
zahin,M
zaiden,M
zain,M
zaki,M
zeeshan,M
zahir,M
zakiy,M
zamir,M
zarir,M
zev,M
zayd,M
aabha,F
aabharana,F
aadarshini,F
aadhya,F
aadita,F
aadrika,F
aahlaadita,F
aahna,F
aakanksha,F
aakriti,F
aaloka,F
aamaal,F
aamani,F
aamrapali,F
aanandamayee,F
aanandi,F
aanandita,F
aanchal,F
aaniya,F
aapti,F
aaral,F
aaradhya,F
aaratrika,F
aarati,F
aarika,F
aarini,F
aarna,F
aarohi,F
aarti,F
aarushi,F
aasha,F
aashalata,F
aashi,F
aashiyana,F
aashna,F
aashni,F
aashritha,F
aasia,F
aastha,F
aathmika,F
aatmaja,F
aayushi,F
abha,F
abhaya,F
abhijaata,F
abhijita,F
abhilasha,F
abhimani,F
abhipsa,F
abhira,F
abhiri,F
abhirami,F
abhiruchi,F
abhirupa,F
abhisarika,F
abishta,F
abhitha,F
abirami,F
ablaa,F
aboli,F
achala,F
achla,F
achira,F
adhira,F
adhishree,F
adishakti,F
aditi,F
aditri,F
adrika,F
advika,F
adwita,F
adwiteya,F
adwitiya,F
adya,F
agamya,F
aghanashini,F
agnishikha,F
agrata,F
agrima,F
agriya,F
ahalya,F
ahimsa,F
ahladita,F
aishani,F
aishi,F
aishwarya,F
ajaa,F
aja,F
ajala,F
ajastha,F
ajaya,F
ajita,F
akane,F
akanksha,F
akashleena,F
akhila,F
akira,F
akriti,F
akshadha,F
akshainie,F
akshara,F
akshata,F
akshayaa,F
akshi,F
akshita,F
akula,F
akuti,F
alaina,F
alak,F
alaknanda,F
alaka,F
alakananda,F
alankrita,F
alda,F
alekhya,F
alisha,F
alka,F
almas,F
aloki,F
alopa,F
alpa,F
alpana,F
alpita,F
am,F
amal,F
amala,F
amaldeepti,F
amara,F
amaris,F
amba,F
ambaalika,F
ambar,F
ambika,F
ambu,F
ambuda,F
ambuja,F
ami,F
amidi,F
amisha,F
amishi,F
amishta,F
amita,F
amithi,F
amiti,F
amitjyoti,F
amitrasudan,F
amiya,F
amla,F
amlankusum,F
amlika,F
ammu,F
amoda,F
amodini,F
amolika,F
amoolya,F
amrapali,F
amrita,F
amritambu,F
amritaya,F
amritkala,F
amritrashmi,F
amrusha,F
amrutha,F
amshula,F
amukta,F
amulya,F
amvi,F
ana,F
anaamika,F
anagha,F
anagi,F
anahita,F
analaa,F
anamika,F
anamitra,F
ananda,F
anandani,F
anandi,F
anandita,F
anandmayee,F
anangee,F
anantaa,F
ananti,F
ananya,F
anarghya,F
anasuya,F
anavi,F
anbar,F
anchal,F
anchala,F
anchita,F
andal,F
anemone,F
angaja,F
angana,F
angarika,F
angha,F
angira,F
angoori,F
ania,F
aniha,F
anika,F
anima,F
anilaja,F
anindita,F
anisa,F
anisha,F
anishka,F
anita,F
aniya,F
anjalee,F
anjali,F
anjana,F
anjani,F
anjika,F
anjini,F
anju,F
anjum,F
anjushri,F
ankal,F
ankaiyarkanni,F
ankita,F
ankolika,F
anmol,F
anna,F
annada,F
annapoorna,F
annika,F
annisa,F
annjaya,F
anokhi,F
ansha,F
anshi,F
anshika,F
anshita,F
anshu,F
anshula,F
anshumaala,F
anshumali,F
ansuya,F
antara,F
antariksha,F
anu,F
anubhuti,F
anudeepthi,F
anugraha,F
anugya,F
anuja,F
anukampa,F
anukeertana,F
anukriti,F
anula,F
anulata,F
anulekha,F
anuloma,F
anumati,F
anumegha,F
anumeha,F
anumita,F
anupa,F
anupama,F
anuprabha,F
anupriya,F
anuradha,F
anuragini,F
anurati,F
anusha,F
anushka,F
anushri,F
anuttara,F
anvi,F
anvidha,F
anvita,F
anwesha,F
anwita,F
anya,F
aolani,F
apala,F
aparaa,F
aparaajita,F
aparna,F
aparoopa,F
apeksha,F
apinaya,F
apsara,F
apurba,F
apurva,F
araceli,F
aradhana,F
aradhya,F
arathi,F
archa,F
archana,F
archini,F
archisha,F
archita,F
ardra,F
arghya,F
arianna,F
arij,F
ariona,F
arja,F
arjuni,F
arkita,F
armita,F
arni,F
arogyada,F
arpana,F
arpita,F
arshi,F
arshia,F
arshiya,F
artana,F
arti,F
aruna,F
arundhati,F
aruni,F
arunima,F
arushi,F
arwa,F
arya,F
aryahi,F
aryama,F
aryana,F
asah,F
asaavari,F
aseema,F
asha,F
ashakiran,F
ashalata,F
ashani,F
ashavari,F
ashika,F
ashima,F
ashiqa,F
ashira,F
ashita,F
ashlesha,F
ashmi,F
ashmita,F
ashnaa,F
ashna,F
ashrita,F
ashu,F
ashwabha,F
ashwina,F
ashwini,F
asita,F
askini,F
asmita,F
astha,F
aswathi,F
asya,F
atasi,F
athasha,F
atheeva,F
atiriya,F
atiya,F
atmaja,F
atmikha,F
atreyi,F
atula,F
auhna,F
aurima,F
aushima,F
avaapya,F
avani,F
avanti,F
avantika,F
avantikaa,F
avasa,F
avathara,F
avigna,F
avinashi,F
avinashika,F
avipsa,F
avishi,F
avanija,F
avni,F
avnita,F
ayanna,F
ayati,F
ayeh,F
ayesha,F
ayurda,F
ayushi,F
ayushmati,F
ba,F
babita,F
bageshri,F
bahugandha,F
bahula,F
baijanti,F
bairavi,F
baka,F
bakul,F
bakula,F
bala,F
bandhavi,F
bandhura,F
banhi,F
bani,F
banmala,F
banni,F
bansari,F
barkha,F
barsha,F
baruni,F
basabi,F
basanti,F
bavishya,F
bavishni,F
beena,F
bel,F
bela,F
belli,F
benaka,F
bhadra,F
bhadrusha,F
bhagavathi,F
bhagini,F
bhagirathi,F
bhagwanti,F
bhagwati,F
bhagyalakshmi,F
bhagyashri,F
bhagyawati,F
bhairavi,F
bhakti,F
bhama,F
bhamini,F
bhandhavi,F
bhanu,F
bhanuja,F
bhanumati,F
bhanuni,F
bhanupriya,F
bhanusri,F
bharati,F
bharavi,F
bhargavi,F
bhaumi,F
bhavana,F
bhavani,F
bhavi,F
bhavika,F
bhavini,F
bhavna,F
bhavya,F
bhawna,F
bheema,F
bhooma,F
bhoomi,F
bhrithi,F
bhumika,F
bhupali,F
bhuvana,F
bhuvi,F
bidisha,F
bijal,F
bijali,F
bijli,F
bimala,F
bimbi,F
bina,F
bindhiya,F
bindu,F
binita,F
bipasha,F
bishakha,F
bodhi,F
brahmani,F
brijabala,F
brinda,F
briti,F
bryn,F
bulbul,F
back,F
home,F
cauvery,F
chaaya,F
chahna,F
chairavali,F
chaitali,F
chaitaly,F
chaitanya,F
chaitra,F
chakori,F
chakrika,F
chalama,F
chaman,F
chameli,F
champa,F
champakmala,F
chanchal,F
chanchala,F
chanchari,F
chanda,F
chandan,F
chandana,F
chandani,F
chandi,F
chandika,F
chandini,F
chandra,F
chandrabha,F
chandrabhaga,F
chandrajyoti,F
chandrakala,F
chandrakali,F
chandrakanta,F
chandrakanti,F
chandraki,F
chandralekha,F
chandramukhi,F
chandraprabha,F
chandrapushpa,F
chandrika,F
chandrima,F
chane,F
chapala,F
chara,F
charita,F
charmaine,F
charu,F
charulata,F
charulekha,F
charumati,F
charunetra,F
charusheela,F
charvi,F
chashmum,F
chatura,F
chaunta,F
chayla,F
chetana,F
chetna,F
chhavi,F
chhavvi,F
chhaya,F
chinmayi,F
chintamani,F
chintanika,F
chitra,F
chitragandha,F
chitrakshi,F
chitralekha,F
chitrali,F
chitrangada,F
chitrani,F
chitrathi,F
chitrita,F
chunni,F
daksha,F
dakshayani,F
dalaja,F
damini,F
damyanti,F
darika,F
darpana,F
darshana,F
daya,F
dayamayi,F
dayanita,F
dayita,F
deborah,F
deekshaa,F
deekshita,F
deena,F
deepa,F
deepal,F
deepali,F
deepakala,F
deepaprabha,F
deepavati,F
deepika,F
deepshika,F
deepta,F
deepti,F
deeta,F
deetya,F
deleena,F
demira,F
desna,F
devakali,F
devaki,F
devakiri,F
devangi,F
devani,F
devanshi,F
devapriya,F
devashree,F
deveshi,F
devi,F
devika,F
devina,F
devishi,F
devkanya,F
devki,F
devmani,F
devna,F
devyani,F
dhanashri,F
dhanishta,F
dhanvanti,F
dhanvi,F
dhanya,F
dhanyata,F
dhara,F
dharini,F
dharitri,F
dharmista,F
dharnitha,F
dharti,F
dharuna,F
dhatri,F
dheeptha,F
dhinushshini,F
dhlriti,F
dhriti,F
dhruti,F
dhruva,F
dhruvi,F
dhruvika,F
dhuti,F
dhwani,F
dhyana,F
dhyuti,F
dia,F
digambari,F
diksha,F
dimple,F
dipali,F
dipashri,F
dipika,F
dipti,F
disha,F
dishani,F
dishi,F
dishita,F
diti,F
divija,F
divya,F
divyana,F
divyanshi,F
diya,F
draupadi,F
drisana,F
drishti,F
drishya,F
dristi,F
druti,F
durga,F
durriya,F
durva,F
dyumna,F
dyuti,F
ecchumati,F
edha,F
eesha,F
eila,F
eiravati,F
ekaa,F
ekaja,F
ekani,F
ekanta,F
ekantika,F
ekaparnika,F
ekta,F
ela,F
elina,F
eswary,F
esha,F
eta,F
falguni,F
firaki,F
forum,F
fulki,F
fullan,F
fulmala,F
gajra,F
gandhali,F
ganesa,F
ganga,F
gangi,F
gangika,F
ganika,F
ganjan,F
garati,F
gargi,F
garima,F
gaura,F
gauri,F
gaurika,F
gautami,F
gayatri,F
geet,F
geeta,F
geeti,F
gina,F
ginni,F
gira,F
giribala,F
girija,F
girisha,F
gita,F
gitali,F
gitanjali,F
gitashri,F
gitika,F
giva,F
goda,F
godavari,F
godavri,F
gomti,F
gopa,F
gopi,F
gopika,F
gorma,F
gorochana,F
gourangi,F
gowri,F
greeshma,F
grishma,F
guddu,F
gul,F
gulab,F
gulika,F
gunavati,F
gunita,F
gunjan,F
gunjita,F
gunnika,F
gurjari,F
gurparveen,F
gyanada,F
haimi,F
haimavathi,F
hamsa,F
hamsavahini,F
hamsini,F
hansa,F
hansamala,F
hansini,F
haribala,F
harinakshi,F
harini,F
haripriya,F
harita,F
harsha,F
harshada,F
harshal,F
harshali,F
harshi,F
harshika,F
harshini,F
harshita,F
harsika,F
hasina,F
hasita,F
heera,F
heerkani,F
hem,F
hema,F
hemadri,F
hemakshi,F
hemal,F
hemalata,F
hemangi,F
hemangini,F
hemani,F
hemanti,F
hemaprabha,F
hemashri,F
hemavati,F
hemkanta,F
hemlata,F
henna,F
hera,F
hetal,F
hilla,F
hima,F
himabindu,F
himagouri,F
himaja,F
himani,F
hina,F
hinda,F
hiral,F
hiranmayi,F
hita,F
hitaishi,F
hiya,F
honey,F
hradini,F
hridya,F
hrithika,F
huma,F
humaila,F
hyma,F
hymavathi,F
idha,F
idika,F
iditri,F
iha,F
ihita,F
ijaya,F
iksha,F
ikshita,F
ikshula,F
iksura,F
ila,F
imani,F
ina,F
inas,F
indali,F
indira,F
indrakanta,F
indrakshi,F
indrani,F
indrina,F
indu,F
induja,F
indukala,F
indukanta,F
indulala,F
indulekha,F
induma,F
indumati,F
indumauli,F
indumukhi,F
induprabha,F
inika,F
inu,F
ipsa,F
ipsita,F
ira,F
iraja,F
iravati,F
irit,F
isha,F
ishana,F
ishani,F
ishanvi,F
ishi,F
ishita,F
ishta,F
ishwari,F
ishwarya,F
ishya,F
iti,F
itkila,F
iyla,F
jaba,F
jagadamba,F
jagadambika,F
jaganmayee,F
jaganmata,F
jaganmohini,F
jagati,F
jagrati,F
jagruti,F
jagvi,F
jahnavi,F
jaina,F
jaishnavi,F
jaitashri,F
jaladhija,F
jalaja,F
jalbala,F
jalpa,F
jalsa,F
jamuna,F
janaki,F
janaknandini,F
janani,F
janavika,F
janisha,F
janki,F
januja,F
janya,F
jarul,F
jasmin,F
jasmit,F
jasu,F
jasum,F
jasweer,F
jaasritha,F
jaya,F
jayalakshmi,F
jayalalita,F
jayamala,F
jayan,F
jayani,F
jayanti,F
jayaprabha,F
jayaprada,F
jayashree,F
jayashri,F
jayasudha,F
jayavanti,F
jayita,F
jayna,F
jayne,F
jeeteshi,F
jeevika,F
jeevitha,F
jesal,F
jhalak,F
jharna,F
jigisha,F
jigna,F
jignasa,F
jigyasa,F
jilpa,F
jinal,F
jinisha,F
jiya,F
joshila,F
joshitha,F
joshika,F
jovita,F
jowaki,F
juana,F
juhi,F
jui,F
jwala,F
jyeshtha,F
jyena,F
jyoti,F
jyotika,F
jyotirmayi,F
jyotishmati,F
jyotsna,F
kaajal,F
kaalaka,F
kaalanjari,F
kaamakya,F
kaasni,F
kadambari,F
kadambini,F
kairavi,F
kaishori,F
kajjali,F
kajol,F
kajri,F
kakali,F
kakoli,F
kala,F
kalakarni,F
kalapi,F
kalapini,F
kalavati,F
kali,F
kalika,F
kalima,F
kalindi,F
kalini,F
kallol,F
kalpana,F
kalpita,F
kalyani,F
kamakshi,F
kamal,F
kamala,F
kamalakshi,F
kamalika,F
kamalini,F
kamana,F
kameshvari,F
kamini,F
kamna,F
kamya=,F
kana,F
kanaka,F
kanakabati,F
kanaklata,F
kanakapriya,F
kanan,F
kananbala,F
kanasu,F
kanchan,F
kanchana,F
kanchanprabha,F
kanchi,F
kani,F
kanika,F
kanira,F
kanishka,F
kanjri,F
kankalini,F
kankana,F
kannaki,F
kanta,F
kanti,F
kanupriya,F
kanushi,F
kanushni,F
kanya,F
kanyaka,F
kanyakumari,F
kaksi,F
kapila,F
kapotakshi,F
karabi,F
karala,F
karalika,F
kareena,F
karishma,F
karka,F
karla,F
karnapriya,F
karthiaeini,F
karuka,F
karul,F
karuna,F
karunamayee,F
karunya,F
kashi,F
kashika,F
kashish,F
kashmira,F
kashvi,F
kashwini,F
kashyapi,F
kasturi,F
kathyayani,F
kaumudi,F
kausalya,F
kaushali,F
kaushalya,F
kaushiki,F
kaustubhi,F
kautirya,F
kaveri,F
kavika,F
kavin,F
kavita,F
kaviya,F
kavishri,F
kavni,F
kavya,F
keemaya,F
keertana,F
keerthana,F
keerthi,F
keerthika,F
kenga,F
kenisha,F
kerani,F
kesar,F
kesari,F
keshi,F
keshika,F
keshini,F
keshori,F
ketaki,F
ketika,F
ketki,F
keva,F
keya,F
keyuri,F
khanika,F
khushi,F
khyath,F
khyati,F
kimatra,F
kimaya,F
kina,F
kinaari,F
kinjal,F
kinnari,F
kinnera,F
kiran,F
kiranmala,F
kiranmayi,F
kirati,F
kirtana,F
kirti,F
kirtmalini,F
kiruba,F
kishmish,F
kishori,F
kitu,F
komal,F
komala,F
komali,F
koyel,F
koyna,F
kosi,F
krandasi,F
kranti,F
krina,F
kripa,F
kripi,F
krisha,F
krishi,F
krishna,F
krishnakali,F
krishnaveni,F
kriti,F
krittika,F
kritu,F
krupa,F
krupali,F
kruti,F
kshama,F
kshamya,F
kshanaprabha,F
kshanika,F
kshema,F
kshemya,F
kshipa,F
kshipra,F
kshipva,F
kshiraja,F
kshirin,F
kshirja,F
kshiti,F
kshitija,F
kuhuk,F
kuja,F
kumari,F
kumkum,F
kumud,F
kumuda,F
kumudini,F
kunda,F
kundan,F
kundanika,F
kunisha,F
kunjal,F
kunjalata,F
kunjana,F
kunshi,F
kuntal,F
kuntala,F
kunti,F
kurangi,F
kushala,F
kusum,F
kusuma,F
kusumanjali,F
kusumavati,F
kusumita,F
kusumlata,F
kuvam,F
kuvira,F
laabha,F
laalamani,F
laasya,F
labangalata,F
laboni,F
labuki,F
ladhi,F
ladli,F
laghima,F
laghuvi,F
laharika,F
lajita,F
lajja,F
lajjawati,F
lajvanti,F
lajvati,F
lajwanti,F
lajwati,F
lakhi,F
laksha,F
lakshaki,F
lakshana,F
lakshanya,F
lakshita,F
lakshmi,F
lakshmishree,F
lakshya,F
lalan,F
lalana,F
lalasa,F
lali,F
lalima,F
lalita,F
lalitamohana,F
laranya,F
lasaki,F
lata,F
latakara,F
latangi,F
latika,F
lavali,F
lavangi,F
lavani,F
lavanya,F
lavenia,F
laxmi,F
leela,F
leelamayee,F
leelavati,F
lilavati,F
leena,F
lekha,F
lekisha,F
leora,F
libni,F
lillian,F
lilly,F
lipi,F
lipika,F
lochana,F
lohini,F
lokajanani,F
lokamatri,F
lola,F
lolaksi,F
lolita,F
lona,F
lopa,F
lopamudra,F
loukya,F
lucia,F
lumbika,F
lunasha,F
maanika,F
madhavi,F
madhavilata,F
madhu,F
madhubala,F
madhuchanda,F
madhuksara,F
madhul,F
madhulata,F
madhulekha,F
madhulika,F
madhumalati,F
madhumathi,F
madhumitha,F
madhunisha,F
madhupriya,F
madhur,F
madhura,F
madhureema,F
madhuri,F
madhurima,F
madhushri,F
madhuvanthi,F
madhvi,F
madirakshi,F
magadhi,F
magana,F
maghi,F
mahabhadra,F
mahadevi,F
mahagauri,F
mahakali,F
mahakanta,F
mahalakshmi,F
mahamaya,F
mahaniya,F
mahasri,F
mahasweta,F
mahati,F
maheshi,F
maheshwari,F
mahi,F
mahijuba,F
mahika,F
mahima,F
mahita,F
mahiya,F
mahua,F
maina,F
maithili,F
maitreya,F
maitreyi,F
maitry,F
makali,F
makshi,F
mala,F
malashree,F
malati,F
malavika,F
malaya,F
maliha,F
malika,F
malina,F
malini,F
malka,F
malli,F
mallika,F
malti,F
malvika,F
mamata,F
mamta,F
mana,F
manali,F
manana,F
manasa,F
manasi,F
manasvi,F
manasvini,F
manavi,F
manda,F
mandakranta,F
mandakini,F
mandara,F
mandarmalika,F
mandavi,F
mandeepa,F
mandira,F
mandodari,F
mangala,F
mani,F
manideepa,F
manika,F
manikuntala,F
manimala,F
manimekhala,F
manini,F
maniratna,F
manisha,F
manishika,F
manjari,F
manjira,F
manjistha,F
manjyot,F
manju,F
manjubala,F
manjubhargavi,F
manjula,F
manjulika,F
manjusha,F
manjushri,F
manjusri,F
manmayi,F
manna,F
manorama,F
manoranjana,F
manshree,F
mansi,F
mantra,F
manushi,F
manushri,F
manya,F
marala,F
mareesha,F
margi,F
marichi,F
marichika,F
markandeya,F
marisa,F
marsha,F
marudhvathi,F
marushika,F
marya,F
masara,F
masum,F
matangi,F
matisha,F
matra,F
matrika,F
mausam,F
mausami,F
maya,F
mayra,F
mayukhi,F
mayura,F
mayuri,F
mayurika,F
medha,F
medini,F
meena,F
meenakshi,F
meenal,F
meera,F
megan,F
megha,F
meghana,F
meghavini,F
meha,F
mehak,F
mehal,F
mehul,F
mehuli,F
mekhala,F
mela,F
mena,F
menaha,F
menaja,F
menaka,F
methra,F
mihika,F
mihira,F
mili,F
mina,F
minakshi,F
minal,F
minati,F
minisha,F
mira,F
miraya,F
misha,F
mishaye,F
mishika,F
mishita,F
mishti,F
misri,F
mita,F
mithali,F
mithra,F
mithila,F
mohana,F
mohati,F
mohi,F
mohini,F
mohita,F
mokshita,F
moksin,F
molina,F
mona,F
monal,F
monica,F
monisha,F
moubani,F
moukthika,F
mounika,F
mounisha,F
mousumi,F
mridini,F
mridu,F
mridula,F
mrigakshi,F
mriganayani,F
mrinal,F
mrinali,F
mrinalika,F
mrinalini,F
mrinmayee,F
mritsa,F
mrittika,F
mruda,F
mrudula,F
mrunmai,F
mruthula,F
mudra,F
mudrika,F
mugdha,F
mukta,F
mukti,F
mukula,F
mukunda,F
muniya,F
muskan,F
mythily,F
mythri,F
nabah,F
nabanipa,F
nabhi,F
nachni,F
nadia,F
nadira,F
nagalata,F
nagashree,F
nagina,F
nagini,F
naidhrua,F
naija,F
naina,F
nainika,F
naisha,F
naishadha,F
nakti,F
nakshatra,F
nakula,F
nalika,F
nalini,F
namana,F
nami,F
namita,F
namrah,F
namrata,F
namasya,F
namuchi,F
nanaki,F
nanda,F
nandana,F
nandi,F
nandika,F
nandini,F
nandita,F
naomi,F
naomika,F
narayani,F
narmada,F
nartan,F
natasha,F
natali,F
navadurga,F
navaneeta,F
navdeep,F
naveena,F
navika,F
navisha,F
navistha,F
navita,F
navneeta,F
navya,F
nayana,F
nayantara,F
nayonika,F
neeharika,F
neela,F
neelabja,F
neelaja,F
neelakshi,F
neelam,F
neelanjana,F
neelima,F
neelisha,F
neelja,F
neelkamala,F
neena,F
neepa,F
neeraja,F
neeta,F
neeti,F
neha,F
nehal,F
neharika,F
netra,F
netravati,F
nidhi,F
nidhipa,F
nidra,F
niharika,F
niju,F
nikara,F
nikhita,F
nikki,F
nila,F
nilakshi,F
nilambari,F
nilaruna,F
nilasha,F
nilashri,F
nilaya,F
nilima,F
nilini,F
nilshikha,F
nimisha,F
nimita,F
nimmi,F
nina,F
ninarika,F
nipa,F
nipeksha,F
niradhara,F
niral,F
nirali,F
niramayee,F
niranjana,F
nirosha,F
nirja,F
nirmala,F
nirmayi,F
nirupa,F
nirupama,F
nirvana,F
nirvi,F
nisha,F
nishma,F
nishi,F
nishita,F
nishithini,F
nishka,F
nishtha,F
nistha,F
nita,F
nitara,F
nithya,F
niti,F
nitika,F
nitu,F
nitya,F
nityapriya,F
nityasri,F
nivedita,F
niverta,F
nivriti,F
niyati,F
noshi,F
nupura,F
nushi,F
nutan,F
oditi,F
oindrila,F
oja,F
ojal,F
ojasvi,F
ojaswini,F
oma,F
omaja,F
omana,F
omisha,F
omkareshwari,F
omkari,F
onella,F
oni,F
orpita,F
oviya,F
padma,F
padmagriha,F
padmaja,F
padmajai,F
padmakali,F
padmakshi,F
padmal,F
padmalaya,F
padmalochana,F
padmamalini,F
padmapriya,F
padmarekha,F
padmashri,F
padmavasa,F
padmavati,F
padmini,F
padnuni,F
pahal,F
pakhi,F
pakshalika,F
palak,F
palaksi,F
pallavi,F
pallavini,F
palomi,F
pameela,F
pamela,F
pampa,F
panchali,F
panini,F
panita,F
pankaja,F
pankajadharini,F
pankhadi,F
pankhudi,F
pankita,F
pankti,F
panna,F
paola,F
parajika,F
parama,F
parameshwari,F
paramita,F
paravi,F
parbarti,F
pari,F
paridhi,F
parina,F
parinita,F
parivita,F
pariyat,F
parmila,F
parmita,F
parnal,F
parnashri,F
parnakshi,F
parnavi,F
parni,F
parnika,F
parnita,F
parthavi,F
parthivi,F
parul,F
parvani,F
parvati,F
parveen,F
parvini,F
paulmi,F
pasha,F
pashupriya,F
patala,F
patmanjari,F
patralekha,F
paulomi,F
pauravi,F
pavaki,F
pavana,F
pavani,F
pavi,F
pavitra,F
payal,F
payoja,F
pehr,F
phiroza,F
phoolan,F
phutika,F
pia,F
piki,F
pinakini,F
pinga,F
pingla,F
pival,F
pivari,F
piyali,F
pooja,F
poonam,F
poorbi,F
poorna,F
poornakamala,F
poornima,F
poorva,F
poorvaganga,F
poorvaja,F
poorvi,F
poushali,F
prabha,F
prabhada,F
prabhati,F
prabhavati,F
pracheeta,F
prachi,F
pradeepta,F
pradnya,F
prafula,F
pragalbha,F
pragati,F
pragnya,F
pragya,F
pragyaparamita,F
pragyawati,F
prajakta,F
prajna,F
prakalpa,F
prakhya,F
prakriti,F
prama,F
pramada,F
pramila,F
pramiti,F
pranali,F
pranati,F
pranauthi,F
pranavi,F
pranaya,F
pranidhi,F
pranita,F
pranjal,F
pranjali,F
pranvuta,F
prapti,F
prarthana,F
prashansa,F
prashanthi,F
prasheetha,F
prasheila,F
prateeksha,F
pratibha,F
pratichi,F
pratigya,F
pratika,F
pratiksha,F
pratima,F
pratishtha,F
pratitha,F
pratiti,F
pratyasha,F
pratyaksha,F
pratyusha,F
praveena,F
prayuta,F
preet,F
preetha,F
preeti,F
prema,F
premila,F
prerna,F
preshti,F
prestha,F
preyasi,F
prianka,F
prina,F
prinaka,F
prisha,F
prita,F
prital,F
pritha,F
prithika,F
prithuloma,F
priti,F
pritika,F
pritikana,F
pritilata,F
priya,F
priyadarshini,F
priyadutta,F
priyal,F
priyala,F
priyam,F
priyamvada,F
priyanka,F
priyanvada,F
priyasha,F
prutha,F
puja,F
puji,F
pujita,F
pujya,F
pulak,F
pulakita,F
puloma,F
punarnava,F
punarvi,F
punam,F
pundari,F
punita,F
punthali,F
punya,F
purala,F
purandhri,F
purnima,F
purva,F
purvaja,F
purvi,F
pusha,F
pushpa,F
pushpagandha,F
pushpalata,F
pushpanjali,F
pushpavathi,F
pushpita,F
pusti,F
putana,F
putul,F
raaka,F
raakhi,F
rabia,F
rabhya,F
rachana,F
rachika,F
rachita,F
rachna,F
radha,F
radhika,F
raga,F
ragi,F
ragini,F
rahela,F
raima,F
raja,F
rajalakshmi,F
rajanigandha,F
rajashri,F
rajasi,F
rajata,F
rajdulari,F
rajeshri,F
rajeshwari,F
rajhansa,F
raji,F
rajika,F
rajkumari,F
rajnandini,F
rajni,F
rajshri,F
rajul,F
raka,F
rakhi,F
raksha,F
rakshita,F
rakshasamardini,F
rakti,F
rama,F
ramani,F
rambha,F
rameshwari,F
ramini,F
ramita,F
ramola,F
ramra,F
ramya,F
rangana,F
rangat,F
ranhita,F
rani,F
ranita,F
ranjana,F
ranjini,F
ranjita,F
ranjudeep,F
ranya,F
rashi,F
rashmi,F
rashmika,F
rasika,F
rasna,F
ratanjali,F
ratchika,F
rati,F
ratna,F
ratnabala,F
ratnabali,F
ratnajyoti,F
ratnalekha,F
ratnali,F
ratnamala,F
ratnangi,F
ratnaprabha,F
ratnapriya,F
ratnavali,F
ratri,F
raveena,F
raviprabha,F
raya,F
rebha,F
reema,F
reena,F
rekha,F
reman,F
reneeka,F
renu,F
renuka,F
resham,F
reshika,F
reshma,F
reshmi,F
reva,F
revathi,F
revati,F
rewa,F
rhea,F
rheeya,F
ria,F
richa,F
richitha,F
riddhi,F
ridhima,F
riju/,F
rijuta,F
rima,F
rina,F
risha,F
rishika,F
rishima,F
rishma,F
rishmitha,F
rishita,F
rita,F
rithika,F
riti,F
ritika,F
ritisha,F
ritsika,F
ritu,F
rituparna,F
riya,F
rochi,F
rohana,F
rohin,F
rohini,F
rohita,F
roma,F
romila,F
roop,F
roopa,F
roopali,F
roopini,F
roshna,F
roshni,F
rubaina,F
rucha,F
ruchi,F
ruchika,F
ruchira,F
ruchita,F
rudra,F
rudrabhiravi,F
rudrakali,F
rudrani,F
rudrapriya,F
rugu,F
ruhi,F
ruhin,F
rujula,F
rujuta,F
rukhmini,F
rukma,F
rukmini,F
ruma,F
rupa,F
rupal,F
rupam,F
rupali,F
rupashi,F
rupashri,F
rupasi,F
rupeshwari,F
rupi,F
rupika,F
rusham,F
rushda,F
ruth,F
rutva,F
saachi,F
saanjh,F
saanvi,F
sabeena,F
sabita,F
sabrang,F
sabri,F
sachi,F
sachita,F
sadabhuja,F
sadhana,F
sadhika,F
sadhna,F
sadhvi,F
saee,F
saesha,F
sagari,F
sagarika,F
sagun,F
saguna,F
sahana,F
sahasra,F
saheli,F
sahiba,F
sahila,F
sahima,F
sahira,F
sahitya,F
sahoj,F
sai,F
saijayani,F
sajala,F
sajani,F
sajili,F
sajni,F
saketha,F
sakhi,F
sakshi,F
salila,F
saloni,F
sama,F
samali,F
samata,F
samanmitha,F
sameena,F
sameera,F
samhita,F
samidha,F
samiksha,F
samita,F
samiya,F
sampada,F
sampatti,F
sampriti,F
samreen,F
samriddhi,F
samrta,F
samskara,F
samvidha,F
samvrita,F
samyuktha,F
sana,F
sananda,F
sanatani,F
sanavi,F
sanchali,F
sanchaya,F
sanchita,F
sandhra,F
sandhya,F
sanemi,F
sanghavi,F
sangita,F
sangya,F
sani,F
sanika,F
saniya,F
sanjana,F
sanjaya,F
sanjita,F
sanjivani,F
sanjna,F
sanjukta,F
sanjula,F
sanjushree,F
sankul,F
sannidhi,F
sanobar,F
sanoja,F
sansita,F
sanskriti,F
santati,F
santosh,F
santoshi,F
santushti,F
sanvali,F
sanvi,F
sanyogita,F
sanyukta,F
saparna,F
saphala,F
sapna,F
sara,F
sarada,F
sarakshi,F
sarala,F
sarama,F
saranya,F
sarasa,F
sarasi,F
saraswati,F
saravati,F
sarayu,F
sarbani,F
sargini,F
sarika,F
sarisha,F
sarita,F
sarjana,F
sarjena,F
sarla,F
saroja,F
sarojini,F
saruchi,F
sarupa,F
saruprani,F
sarvagjna,F
sarvajina,F
sarvani,F
sarvika,F
sashi,F
sashmita,F
sasthi,F
satha,F
sati,F
sattviki,F
satvari,F
satvi,F
satvika,F
satviki,F
satya,F
satyaki,F
satyarupa,F
satyavati,F
saudamini,F
saumyaa,F
saumyi,F
saundarya,F
saura,F
sauravi,F
savarna,F
savidharani,F
savi,F
savita,F
savitashri,F
savitha,F
savitri,F
sayali,F
sayantika,F
sayona,F
sayuri,F
seema,F
seemanti,F
seemantini,F
sejal,F
selma,F
semanti,F
serena,F
sesha,F
setu,F
seva,F
sevati,F
sevanthika,F
sevita,F
shabnam,F
shabari,F
shachi,F
shagun,F
shaila,F
shailaja,F
shailasha,F
shaili,F
shaivi,F
shakambari,F
shakeela,F
shakini,F
shakti,F
shakuntala,F
shalaka,F
shalalu,F
shalika,F
shalini,F
shalmali,F
shama,F
shambari,F
shambhavi,F
shambhukanta,F
shameena,F
shamim,F
shamita,F
shampa,F
shankari,F
shankhamala,F
shansa,F
shanta,F
shantala,F
shanthini,F
shanti,F
shanvi,F
sharada,F
sharadini,F
sharani,F
sharanya,F
sharaya,F
sharda,F
shardambha,F
shari,F
sharika,F
sharini,F
sharmadha,F
sharmila,F
sharmistha,F
sharvani,F
sharvari,F
shasha,F
shashi,F
shashibala,F
shashikala,F
shashini,F
shashiprabha,F
shashirekha,F
shaswati,F
shatakshi,F
shayna,F
sheela,F
sheen,F
sheetal,F
shefali,F
shefalika,F
shejali,F
shemyukta,F
sheoli,F
shevalini,F
shevanti,F
shibani,F
shichi,F
shikha,F
shila,F
shilavatia,F
shilna,F
shilpa,F
shilpita,F
shina,F
shinjini,F
shipra,F
shirina,F
shishirkana,F
shiuli,F
shivakanta,F
shivali,F
shivangi,F
shivani,F
shivanjali,F
shivanshi,F
shivapriya,F
shivasundari,F
shivi,F
shivika,F
shivli,F
shlesha,F
shloka,F
shobha,F
shobhana,F
shobhita,F
shomili,F
shona,F
shoni,F
shonima,F
shorashi,F
shraddha,F
shrankhla,F
shravani,F
shravanthi,F
shravasti,F
shravya,F
shraya,F
shree,F
shreela,F
shreema,F
shreemayi,F
shreeparna,F
shreeprada,F
shreeya,F
shrejal,F
shrena,F
shresta,F
shresth,F
shresthi,F
shreya,F
shreyashi,F
shreyovi,F
shri,F
shridevi,F
shridula,F
shrigauri,F
shrigeeta,F
shrijani,F
shrika,F
shrikala,F
shrikama,F
shrikirti,F
shrikumari,F
shrila,F
shrilata,F
shrilaxmi,F
shrilekha,F
shrimati,F
shrimayi,F
shrina,F
shrinitha,F
shristi,F
shrivalli,F
shrividya,F
shriya,F
shriyadita,F
shrujana,F
shrujeshwari,F
shruta,F
shrutaly,F
shruthi,F
shruthika,F
shruti,F
shrutika,F
shrutuja,F
shubha,F
shubhada,F
shubhangi,F
shubhra,F
shuchi,F
shuchismita,F
shuchita,F
shuddhi,F
shukla,F
shukti,F
shulini,F
shulka,F
shushma,F
shutradevi,F
shveni,F
shveta,F
shweta,F
shyama,F
shyamala,F
shyamali,F
shyamalika,F
shyamalima,F
shyamangi,F
shyamari,F
shyamasri,F
shyamini,F
shyamlata,F
shyla,F
sibani,F
siddheshwari,F
siddhama,F
siddhangana,F
siddhani,F
siddhi,F
siddhiksha,F
siddhima,F
sikata,F
sikta,F
simbala,F
simi,F
simran,F
simrit,F
sindhu,F
sindhuja,F
sinhayana,F
sinjini,F
sinsapa,F
sirisha,F
sita,F
sitara,F
sitesh,F
sivanandhini,F
sivaneswary,F
sivani,F
sivasathi,F
siya,F
siyona,F
skanda,F
skandajit,F
smana,F
smera,F
smita,F
smitakshi,F
smithika,F
smriti,F
smruti,F
sneh,F
sneha,F
snehal,F
snehelata,F
snehi,F
snigda,F
snikitha,F
sniksha,F
sohalia,F
sohni,F
solanlle,F
soma,F
somalakshmi,F
somansh,F
somatra,F
somila,F
somya,F
sona,F
sonakshi,F
sonal,F
sonali,F
sonaltasha,F
sonam,F
soneera,F
sonia,F
sonika,F
soonera,F
soorat,F
sosamma,F
sougandika,F
soujanya,F
soukhya,F
sourabhi,F
sowjanya,F
sowmya,F
spoorthy,F
sravanti,F
sreeja,F
sreejata,F
sreya,F
srichaitra,F
sridatri,F
sridevi,F
srihitha,F
srikanya,F
srinithi,F
srinika,F
sripada,F
srisha,F
sristi,F
srutakirti,F
stavita,F
striratna,F
stuti,F
subarna,F
subhadra,F
subhaga,F
subhagya,F
subhashini,F
subhasini,F
subhi,F
subhiksha,F
subhuja,F
subiksha,F
subodhini,F
subrata,F
suchandra,F
sucharita,F
sucheta,F
suchhaya,F
suchi,F
suchismita,F
suchita,F
suchitra,F
sudakshima,F
sudarshana,F
sudarshini,F
sudeepa,F
sudeepta,F
sudena,F
sudeshna,F
sudevi,F
sudha,F
sudhamayi,F
sudhira,F
sudiksha,F
sudipta,F
sudipti,F
suditi,F
sugandha,F
suganya,F
sugathri,F
sugauri,F
sugita,F
suhag,F
suhaila,F
suhas,F
suhani,F
suhasini,F
suhavi,F
suhina,F
suhrita,F
sujala,F
sujata,F
sujaya,F
sujitha,F
sukanya,F
sukeshi,F
sukhada,F
sukhmani,F
sukriti,F
sukruti,F
suksha,F
sukshma,F
suksma,F
sukumari,F
sukushi,F
sulabha,F
sulaksha,F
sulakshana,F
sulakshmi,F
sulalita,F
sulbha,F
sulekha,F
suloch,F
sulochana,F
sultana,F
suma,F
sumaira,F
suman,F
sumana,F
sumangli,F
sumanolata,F
sumati,F
sumavali,F
sumedha,F
sumi,F
sumita,F
sumitha,F
sumitra,F
sumona,F
sumukhi,F
sunaina,F
sunamya,F
sunanda,F
sunandini,F
sunandita,F
sunayana,F
sunayna,F
sundari,F
sundha,F
sundhuja,F
suneeti,F
sunetra,F
sunila,F
suniska,F
sunita,F
suniti,F
suparna,F
suprabha,F
suprasanna,F
supreetha,F
suprema,F
suprita,F
supriti,F
supriya,F
supti,F
surabhi,F
suraksha,F
surama,F
surangi,F
suranjana,F
surasa,F
surasti,F
suravi,F
suravinda,F
surekha,F
sureshi,F
sureshwari,F
surina,F
surotama,F
suruchi,F
surupa,F
surya,F
suryadita,F
suryakanti,F
suryani,F
sushama,F
sushanti,F
sushila,F
sushma,F
sushmita,F
sushobhana,F
susila,F
susita,F
susmita,F
susumna,F
sutanuka,F
sutapa,F
sutara,F
suvali,F
suvarna,F
suvarnmala,F
suvarnaprabha,F
suvarnarekha,F
suvitha,F
suvrata,F
suyasha,F
svadhi,F
svaha,F
svana,F
svara,F
svitra,F
swagata,F
swaha,F
swapanthi,F
swapna,F
swapnali,F
swapnasundari,F
swapnika,F
swara,F
swarnalata,F
swarnaprabha,F
swarnika,F
swarupa,F
swastika,F
swati,F
sweta,F
taanusiya,F
tabassum,F
taj,F
talika,F
talli,F
tamali,F
tamalika,F
tamanna,F
tamasa,F
tamasi,F
tamasvini,F
tamira,F
tanaya,F
tanam,F
taneesha,F
tani,F
tania,F
taniamitra,F
tanika,F
tanima,F
tanirika,F
tanisha,F
tanisi,F
tannistha,F
tanmaya,F
tanmayee,F
tannishtha,F
tanu,F
tanuja,F
tanuka,F
tanulata,F
tanupa,F
tanushi,F
tanushri,F
tanvee,F
tanvi,F
tanya,F
tanzil,F
tapani,F
tapasi,F
tapati,F
tapi,F
tapni,F
tapti,F
tara,F
tarai,F
taraka,F
tarakeshwari,F
tarakini,F
tarala,F
tarana,F
tarangini,F
tarani,F
taranija,F
tarannum,F
tarika,F
tarini,F
tarita,F
tarjani,F
tarkeshwari,F
tarla,F
tarli,F
tarlika,F
tarpana,F
taru,F
tarulata,F
taruna,F
taruni,F
tarunika,F
tarunima,F
tasha,F
tatini,F
tavishi,F
tejal,F
tejasvi,F
tejaswini,F
teji,F
tejomayi,F
teertha,F
thahiya,F
thaneesha,F
thankam,F
thanmayu,F
tharisha,F
thumri,F
teja,F
tilaka,F
tilika,F
tilottama,F
timila,F
tina,F
tista,F
tisya,F
tithi,F
titiksha,F
tiya,F
toral,F
toshani,F
toya,F
torsha,F
trariti,F
trayi,F
treena,F
treeshita,F
treya,F
triambika,F
triaksha,F
tribhuvaneshwari,F
tridhara,F
tridiva,F
triguna,F
triguni,F
trijagati,F
trikaya,F
trilochana,F
trinayani,F
trinetra,F
triparna,F
tripta,F
tripti,F
tripura,F
tripurasundari,F
tripuri,F
triputa,F
trisha,F
trishala,F
trishna,F
trishulini,F
triti,F
triveni,F
triya,F
triyama,F
trupti,F
trusha,F
tuhi,F
tuhina,F
tula,F
tulasi,F
tulika,F
tulsi,F
tulya,F
turanya,F
turvi,F
turya,F
tusharkana,F
tushita,F
tusti,F
tvarita,F
tvisha,F
ubika,F
ucchal,F
udantika,F
udaya,F
udbala,F
udgita,F
udichi,F
udipti,F
udita,F
uditi,F
udvita,F
udyati,F
ujas,F
ujhala,F
ujjayini,F
ujjwala/,F
ulka,F
ullupi,F
ulupi,F
ulupya,F
uma,F
umi,F
umika,F
unma,F
unnati,F
unni,F
upada,F
upadhriti,F
upala,F
upama,F
upasana,F
ura,F
urishilla,F
urishita,F
urja,F
urjita,F
urmi,F
urmika,F
urmila,F
urshita,F
urvashi,F
urvi,F
usha,F
ushakiran,F
ushalakshi,F
ushashi,F
ushi,F
ushma,F
usra,F
usri,F
utalika,F
utkarsha,F
utpala,F
utpalakshi,F
utpalini,F
utpatti,F
utsa,F
utsavi,F
uttara,F
vaagdevi,F
vaanika,F
vachya,F
vagisha,F
vagishwari,F
vaidarbhi,F
vaidehi,F
vaiga,F
vaijayanti,F
vaijayantimala,F
vainavi,F
vaisakhi,F
vaishali,F
vaishavi,F
vaishnavi,F
vaishnodevi,F
vajra,F
vajreshwari,F
valini,F
vallabha,F
vallari,F
valli,F
vallika,F
vama,F
vamakshi,F
vamdevi,F
vamika,F
vamil,F
vamita,F
vanadurga,F
vanaja,F
vanalika,F
vanani,F
vandana,F
vandita,F
vaneesha,F
vaneet,F
vanhi,F
vanhishikha,F
vani,F
vania,F
vanini,F
vanishri,F
vanita,F
vanjan,F
vanmala,F
vanmalli,F
vanmayi,F
vansha,F
vanshi,F
vanshika,F
vara,F
varaa,F
varada,F
varali,F
varalika,F
varana,F
varda,F
vari,F
varij,F
varija,F
varisha,F
varnika,F
varnu,F
varsha,F
varshana,F
varshini,F
vartika,F
varuna,F
varunavi,F
varuni,F
varunika,F
varushka,F
varya,F
vasana,F
vasanta,F
vasantaprabha,F
vasanti,F
vasantika,F
vasatika,F
vasavi,F
vashnie,F
vasuda,F
vasudeva,F
vasudha,F
vasudhara,F
vasudharini,F
vasuki,F
vasulakshmi,F
vasumati,F
vasundhara,F
vati,F
vatsala,F
veda,F
vedanti,F
vedashri,F
vedha,F
vedi,F
vedika,F
vedvalli,F
veeksha,F
veena,F
veenapani,F
vela,F
venah,F
venika,F
venuka,F
venya,F
vetali,F
vetravati,F
vibali,F
vibha,F
vibhavari,F
vibhi,F
vibhuti,F
vibusha,F
vidhi,F
vidhut,F
vidisha,F
vidita,F
vidula,F
vidushi,F
vidya,F
vidyadevi,F
vidyadhari,F
vidyut,F
vidyutprabha,F
vignyatri,F
vijaya,F
vijayalakshmi,F
vijayanthi,F
vijeta,F
vijul,F
vikasni,F
vikruti,F
vilasini,F
vilina,F
vimala,F
vimla,F
vimudha,F
vina,F
vinamra,F
vinanti,F
vinata,F
vinati,F
vinaya,F
vindhya,F
vineeta,F
vinesh,F
vinita,F
vinodini,F
vinutha,F
vipanchi,F
vipasa,F
vipasha,F
vipra,F
vipula,F
virendri,F
virika,F
virini,F
visala,F
vishaka,F
vishala,F
vishakha,F
vishalakshi,F
vishali,F
vishalya,F
vishaya,F
vishma,F
vishnumaya,F
vishnupriya,F
vishranti,F
vishva,F
vishwa,F
vishwambhara,F
vismaya,F
vistarini,F
vithika,F
viti,F
viveka,F
vividha,F
vrajabala,F
vrinda,F
vriha,F
vrisha,F
vrishti,F
vritee,F
vritika,F
vritti,F
vrushali,F
vyanjana,F
vyjayanthi,F
vyomini,F
wakeeta,F
yaagnya,F
yachana,F
yadavi,F
yahvi,F
yaksha,F
yamika,F
yamini,F
yamuna,F
yamuni,F
yamura,F
yamya,F
yashasvi,F
yashasvini,F
yashawini,F
yashi,F
yashika,F
yashila,F
yashita,F
yashmita,F
yashoda,F
yashodhara,F
yashomati,F
yasmin,F
yasti,F
yatra,F
yatudhani,F
yauvani,F
yavonne,F
yayaati,F
yema,F
yochana,F
yogeshwari,F
yogini,F
yogita,F
yogya,F
yojana,F
yonita,F
yoshita,F
yousha,F
yuktha,F
yukti,F
yuti,F
yutika,F
yuvati,F
yuvika,F
yuvraani,F
zaaei,F
zaara,F
zachni,F
zahara,F
zaheera,F
zahira,F
zahra,F
zaida,F
zaina,F
zalak,F
zalika,F
zamuni,F
zanie,F
zankar,F
zankrut,F
zara,F
zaral,F
zareen,F
zarina,F
zarna,F
zeena,F
zeenat,F
zena,F
zenia,F
zenoushka,F
zheel,F
zia,F
ziana,F
zinga,F
zisya,F
zita,F
ziya,F
zohra,F
zora,F
zoya,F
zuha,F
zuri,F
